Title,Generation structure by technology_01-04-2024_30-06-2024,,,,,,,,,,,,,,,,,,,,,,,,,,,,,,,,,,,,,,,,,,,,,,,,,,,,,,,,,,,,,,,,,,,,,,,,,,,,,,,,,,,,,,,,,,
Electricity system,National,,,,,,,,,,,,,,,,,,,,,,,,,,,,,,,,,,,,,,,,,,,,,,,,,,,,,,,,,,,,,,,,,,,,,,,,,,,,,,,,,,,,,,,,,,
Magnitude,GWh,,,,,,,,,,,,,,,,,,,,,,,,,,,,,,,,,,,,,,,,,,,,,,,,,,,,,,,,,,,,,,,,,,,,,,,,,,,,,,,,,,,,,,,,,,
 ,,,,,,,,,,,,,,,,,,,,,,,,,,,,,,,,,,,,,,,,,,,,,,,,,,,,,,,,,,,,,,,,,,,,,,,,,,,,,,,,,,,,,,,,,,,
Fecha,01/04/2024,02/04/2024,03/04/2024,04/04/2024,05/04/2024,06/04/2024,07/04/2024,08/04/2024,09/04/2024,10/04/2024,11/04/2024,12/04/2024,13/04/2024,14/04/2024,15/04/2024,16/04/2024,17/04/2024,18/04/2024,19/04/2024,20/04/2024,21/04/2024,22/04/2024,23/04/2024,24/04/2024,25/04/2024,26/04/2024,27/04/2024,28/04/2024,29/04/2024,30/04/2024,01/05/2024,02/05/2024,03/05/2024,04/05/2024,05/05/2024,06/05/2024,07/05/2024,08/05/2024,09/05/2024,10/05/2024,11/05/2024,12/05/2024,13/05/2024,14/05/2024,15/05/2024,16/05/2024,17/05/2024,18/05/2024,19/05/2024,20/05/2024,21/05/2024,22/05/2024,23/05/2024,24/05/2024,25/05/2024,26/05/2024,27/05/2024,28/05/2024,29/05/2024,30/05/2024,31/05/2024,01/06/2024,02/06/2024,03/06/2024,04/06/2024,05/06/2024,06/06/2024,07/06/2024,08/06/2024,09/06/2024,10/06/2024,11/06/2024,12/06/2024,13/06/2024,14/06/2024,15/06/2024,16/06/2024,17/06/2024,18/06/2024,19/06/2024,20/06/2024,21/06/2024,22/06/2024,23/06/2024,24/06/2024,25/06/2024,26/06/2024,27/06/2024,28/06/2024,29/06/2024,30/06/2024
Hydro,"139,235069","151,754204","156,134704","155,27666399999998","149,882708","151,88485299999994","159,62182199999998","162,77420999999998","155,48943299999996","165,61933799999997","145,62599300000002","166,65040700000003","149,885286","137,150432","132,20092400000001","117,86438599999995","121,36131700000003","119,69927399999997","134,875614","109,07133599999999","86,479759","91,26184199999997","94,302214","110,48144300000001","161,58547600000003","169,17807799999994","109,330029","111,47612099999998","146,863058","101,78792299999999","65,59065900000002","75,138465","89,93376200000003","91,91975700000003","90,85136899999996","123,140928","100,45584","89,877407","103,53070399999999","103,77638499999999","81,090969","86,105629","92,39160000000001","80,89996799999999","97,218754","112,990545","139,344969","94,312753","84,171832","97,71860400000004","110,969526","102,866025","108,04234","103,06778","88,33042900000001","81,20967399999999","89,67707999999999","99,71949999999998","107,11516499999999","93,709779","80,525411","55,20869599999999","51,860632999999986","82,582405","113,636767","120,653352","110,40984900000005","112,09986000000002","92,20273999999998","61,58379199999999","77,96103500000001","80,378172","72,308473","77,66955699999998","68,72726300000001","42,590127","49,437523999999996","70,691595","92,957932","103,971092","92,53968899999998","90,314932","66,11668399999999","52,09337300000001","71,13712000000001","86,49983700000001","103,41569699999998","98,958958","92,67052999999999","75,35678899999999","72,298419"
Nuclear,"111,747091","111,73367","116,49571","127,937431","128,710071","128,779961","111,999495","104,214196","104,078765","103,86246799999999","103,648546","103,462777","112,68077000000001","126,626893","126,808338","126,523877","126,725218","126,152469","126,51374","126,396674","126,288355","126,198757","126,041737","125,655597","125,617767","118,04330999999999","103,85916800000001","103,763708","104,216324","111,08088000000001","111,285167","111,489063","111,409877","110,868106","111,63248","110,42083199999999","116,007096","123,563929","130,6441","132,755035","122,082713","120,29216199999999","119,92209600000001","119,45205","120,009936","115,307148","107,454506","107,722318","110,521204","113,79205400000001","119,07280899999999","116,283258","97,375186","97,247819","97,135143","98,653951","112,16453200000001","119,907415","119,30797199999999","119,894684","119,398651","119,78679","118,17494599999999","98,11197100000001","105,01395699999999","115,27163300000001","119,923056","120,083785","120,887671","121,02355","121,020026","122,85427","138,71032699999998","142,124977","145,96599799999998","150,921131","156,60291899999999","164,084279","167,998242","168,331963","168,667259","168,79316599999999","168,508604","168,341508","168,122103","167,890202","167,75188500000002","167,561987","167,674623","167,82368599999998","167,73829999999998"
Coal,"7,872203000000001","8,498242","8,492090000000001","8,507634","7,683781","6,032425","6,087546000000001","7,011769","7,415957000000001","6,905868000000001","7,1999260000000005","6,910303","5,893405","5,583313","8,170181","8,887898999999999","8,103588","8,107981","7,981469","5,899849000000001","5,893914","7,818728","7,988516","7,984752","7,960062","7,979312","6,109685000000001","6,108561","7,4398990000000005","7,05174","5,88797","6,5241880000000005","6,602533","5,970548","5,907028","7,096636","7,677607","8,740095","7,518726","7,496115","7,64236","8,243848","9,975513999999999","10,382342000000001","10,590083","10,482647","10,354524999999999","7,2413","6,792465","6,625075","6,6322280000000005","6,632641","6,255474","6,248100999999999","6,61307","7,837901","8,214326999999999","8,626192","8,146591","8,200828","8,34507","7,852777","7,83625","8,066125","8,852602999999998","8,599243","8,282093000000001","6,922293","5,910934","5,918877","8,143314","8,886021000000001","8,620965","8,488397","7,791585","5,905595999999999","5,898714","6,1295839999999995","6,301771","7,809774999999999","6,164816","6,147658000000001","6,654172","7,65308","7,646371","8,497036","8,377732","8,370768","6,912523","6,142844","5,921242"
Fuel + Gas,-,-,-,-,-,-,-,-,-,-,-,-,-,-,-,-,-,-,-,-,-,-,-,-,-,-,-,-,-,-,-,-,-,-,-,-,-,-,-,-,-,-,-,-,-,-,-,-,-,-,-,-,-,-,-,-,-,-,-,-,-,-,-,-,-,-,-,-,-,-,-,-,-,-,-,-,-,-,-,-,-,-,-,"0,000001",-,-,-,-,-,-,-
Diesel engines,"7,158582999999999","7,146809","6,670353","7,170522","7,496409","6,589386999999999","5,163364","6,034425000000001","6,031732","5,960502","7,064689","6,949804","6,3720360000000005","5,939737","7,105174","6,955852","7,361479","7,877837","7,539611","6,450919","5,786274000000001","6,624801000000001","6,901533000000001","6,740216","6,662261","6,426279","6,304127","5,326115","5,617646","5,112156","5,191477","5,584798","5,978036","6,596993","5,903487","5,798037999999999","6,05563","6,199668","6,02772","5,9220950000000006","5,490220999999999","5,090196","5,426246","5,493310999999999","5,723376","6,315906","7,1328450000000005","7,236287","6,96056","7,173706","5,886389","6,3539080000000006","6,440096","6,8136980000000005","5,783053","5,538405","6,709225999999999","7,145391","6,645207999999999","5,932094","5,857289","6,958024","5,570866","6,476464","6,465845","6,339201","7,0988109999999995","7,1094859999999995","6,950574","6,464172","6,7054409999999995","7,132315999999999","6,652764","6,522585","7,017787","6,7003770000000005","6,616995","6,938491","6,974654999999999","6,1232359999999995","6,32174","6,315276","5,757008","6,582828999999999","6,745763","7,366676999999999","7,120969","7,237137","7,483867","6,805346999999999","6,359087000000001"
Gas turbine,"1,147656","1,884411","1,88945","1,39328","1,276807","1,0023060000000001","0,678674","1,655325","1,9715440000000002","1,678462","1,8451590000000002","1,39947","0,932979","0,834236","1,436078","1,629346","2,048902","2,1378739999999996","1,224459","0,9732799999999999","0,921979","1,745932","2,2673","2,182255","1,692914","1,644832","0,945022","0,69782","1,859694","2,122209","1,1058610000000002","0,82063","1,0890090000000001","0,989836","1,0094049999999999","1,977189","1,8473309999999998","2,484911","1,61475","0,7355349999999999","0,7141660000000001","0,752649","1,113705","1,233703","1,23817","1,076462","1,1053920000000002","0,9981660000000001","0,824096","1,159009","1,696161","1,518945","1,3548440000000002","1,03794","1,218228","0,817245","1,686207","2,402804","1,760026","2,900165","2,944091","2,5505590000000002","1,976803","2,239713","1,676397","1,822778","2,2930949999999997","2,222578","2,231369","1,4365809999999999","2,6800390000000003","3,1802759999999997","1,7412539999999999","1,228555","2,884487","3,3062600000000004","3,09226","3,687574","4,024304","3,042012","2,527971","2,076829","2,304897","1,792474","2,011909","2,088749","2,590645","2,546136","2,37579","1,528421","1,649106"
Steam turbine,"4,729062","4,072344","3,907586","3,9050100000000003","4,1837740000000005","3,84789","3,408652","3,83983","3,224212","3,3343580000000004","3,04165","3,1694780000000002","3,130102","2,657554","2,929624","2,893692","3,020602","3,011496","2,757384","3,428512","3,102334","3,4785619999999997","3,66613","3,541428","3,14952","3,113324","3,562602","3,049156","3,1061080000000003","3,216612","2,9847759999999997","2,995752","3,0914859999999997","3,2346399999999997","3,061224","3,2497040000000004","3,7493440000000002","4,55749","3,74358","3,195634","3,052364","2,972224","3,507734","3,278856","3,467392","4,067166","4,533658","3,748532","3,564316","3,349656","3,158204","3,492432","3,592998","3,861208","3,668736","3,1413420000000003","3,641682","4,169226","4,693798","3,0434099999999997","3,441418","4,128340000000001","2,795726","3,112638","2,945038","2,8919699999999997","3,1748000000000003","3,330078","2,708558","2,460732","2,88747","2,479056","2,3184180000000003","2,250276","2,436858","2,2876060000000003","2,28654","2,407746","2,512708","2,572138","2,337222","2,301968","2,416154","2,9110300000000002","3,259642","3,1130880000000003","3,0075","3,2175540000000002","2,909116","2,38157","2,3956720000000002"
Combined cycle,"58,031961","68,669292","65,958644","68,009776","53,741989000000004","47,703429","62,251135999999995","64,874556","66,081596","81,531075","76,573387","83,66864699999999","74,34445","66,436155","72,21351399999999","74,665972","68,517369","61,349917999999995","64,861163","52,312551","57,784541","57,920936000000005","56,125536","63,9528","77,947224","89,783594","61,719877000000004","79,388818","108,61055400000001","73,03205899999999","51,689076","60,26093","58,945865","51,118801","60,158772","84,562512","79,75569800000001","64,416882","64,085189","65,02807","55,18306","58,543994","58,693991000000004","47,439629000000004","54,164737","70,24409","85,154724","63,00733","67,03578999999999","65,762637","63,077101","56,129336","67,554861","72,831908","63,130158","63,515553999999995","67,150217","63,860986","81,760745","71,955518","62,814618","47,081829","46,143149","74,490998","92,867632","114,600605","99,16180800000001","89,86292200000001","76,709565","58,476169","64,680811","72,56732099999999","65,60711","64,909277","51,727014000000004","44,50918","45,57615","60,421538999999996","71,604293","84,106912","75,699769","73,005743","53,009542","55,877663999999996","58,989917999999996","75,793487","92,004216","97,879235","80,818984","65,523836","66,198606"
Hydroeolian,"0,004913","0,006933","0,038797","0,0419","0,013439","0,025925","0,086773","0,121697","0,145238","0,10706600000000001","0,029865","0,014665","0,012263","0,005994","0,018832","0,008629","0,003406","0,004438","0,023637000000000002","0,039167","0,045021","0,026785","0,029769999999999998","0,040161999999999996","0,092398","0,058635","0,026388","0,07956300000000001","0,08292100000000001","0,087185","0,077779","0,064307","0,065773","0,074699","0,08148999999999999","0,070366","0,041205","0,010195000000000001","0,047526000000000006","0,105556","0,113995","0,136185","0,112259","0,122097","0,092862","0,07245099999999999","0,043556","0,036527000000000004","0,026595","0,020659","0,064099","0,08460200000000001","0,073116","0,061198","0,091344","0,10739","0,118429","0,069146","0,062916","0,055406","0,052922","0,019027000000000002","0,028124","0,057954","0,086896","0,048982","0,005029","0,004827","0,008608000000000001","0,032845","0,068209","0,084096","0,116699","0,112483","0,117927","0,116477","0,10441299999999999","0,09970699999999999","0,117762","0,114751","0,11303400000000001","0,121327","0,116172","0,13777099999999998","0,140974","0,142788","0,126012","0,08972","0,08837","0,108981","0,11169"
Wind,"223,71192499999998","204,01465499999998","186,22207700000004","139,02716400000003","191,41815000000005","186,46206899999999","91,34775900000001","201,57343799999998","155,964721","146,888242","137,661231","60,977807","43,107411000000006","46,78684599999999","136,66974900000002","191,50927700000003","205,42133099999995","215,736364","133,45909400000002","188,10776899999996","188,435204","252,935401","234,17439000000002","199,75654500000002","104,11020400000002","108,510289","209,973403","54,357391","85,17786100000001","182,27149600000004","239,280562","235,99984600000005","176,568479","196,52968800000005","167,654989","142,43970800000005","174,21629899999996","177,038922","96,67830299999999","108,39071199999998","118,18657500000003","49,86613099999999","156,67400000000004","226,610413","168,95975900000002","156,57881700000002","94,897435","67,82799","61,524653","90,724919","112,836455","111,985539","108,81512599999998","91,54278400000001","93,97482400000003","79,39094899999998","132,260272","98,71561399999999","97,02163","179,41575500000002","264,28313899999995","260,65425000000005","225,08446500000002","187,328043","68,21932000000001","72,144929","158,32388400000002","203,01301100000003","166,72261000000003","240,38718500000002","221,58541200000002","181,06666","186,103941","107,55253600000002","157,68411199999997","136,165253","99,353543","144,32558","137,33751800000005","100,56358999999998","146,986741","82,025632","109,63740299999998","149,091202","126,98259900000001","97,98858999999999","123,670793","133,97687000000002","189,309909","162,694414","63,053464999999996"
Solar photovoltaic,"113,212722","103,328431","130,477607","136,606992","132,858014","69,591054","90,26385099999999","105,29533500000001","141,700935","139,102361","148,415462","155,81294599999998","134,657093","125,103209","141,563397","149,112573","147,683253","150,97645300000002","159,805872","141,956682","137,776364","145,126631","161,428975","183,243204","143,81650299999998","130,36708199999998","111,883713","137,939332","129,778528","130,65003","112,667626","165,11199100000002","181,671278","162,29662299999998","120,59931900000001","151,451233","182,844542","183,389199","173,63457","175,687436","144,607172","135,235199","162,586851","152,097468","168,536455","155,328995","147,37220499999998","176,736207","141,29284099999998","164,151277","165,23756899999998","181,926872","184,46997","201,28673999999998","183,00053599999998","148,825731","186,053318","185,576366","192,56007300000002","181,03839799999997","161,52178899999998","151,084189","154,540195","179,006359","192,544359","187,767057","166,34166399999998","136,104972","126,23238400000001","115,45399099999999","126,00590700000001","157,393271","155,360856","181,031073","189,116424","159,365351","149,205161","199,976395","145,691212","142,392935","156,25946299999998","203,71402600000002","177,058515","152,116098","193,71686","193,514861","155,911027","146,446531","124,268754","105,721224","155,230905"
Thermal solar,"7,914485","4,069032","10,117391","15,449978","13,343074","0,818902","6,010944","6,257605","19,9823","22,148419999999998","22,799469000000002","21,837208","23,225664000000002","17,602412","21,572388","22,323601","17,121447","17,614363","13,219008","8,779511000000001","17,151585999999998","21,450101999999998","24,019619","21,740689","14,981732","6,542585","6,468686","15,674723","15,08125","8,001268","8,389272","15,351023999999999","22,501514999999998","25,323443","9,869721","10,979961","21,916396","21,481617999999997","15,113888000000001","21,448580999999997","21,523092000000002","19,050904","18,822557","16,66205","17,184082999999998","13,440351","12,746777","22,301113","21,058555000000002","18,127888","17,179548999999998","23,373629","20,350648","23,12766","27,477548","21,552364","22,612706","22,928849","23,467257","23,59881","20,739877","22,772828","23,315097","20,077900000000003","22,178093","21,763315","11,602994","2,8350210000000002","3,685536","4,600288","6,062002000000001","15,52238","18,527423","23,903544999999998","24,991809","25,008748","26,063800999999998","24,447914","14,006497","8,359392","14,869073","24,901441","26,214677","24,692935000000002","23,439678","24,124993","11,278956","4,562145","3,709601","3,65495","13,384988"
Other renewables,"10,058698","10,013892","9,289579999999999","9,839903","9,711472","9,82933","9,224803","9,669272000000001","9,591026","9,384382","9,800467000000001","10,221115","10,242374","9,821738","8,468636","8,630811","9,000069","10,219717000000001","10,688977999999999","10,379518000000001","9,941846","9,944887000000001","10,312625","10,25098","10,955143","12,122116","11,513762","11,835382","11,419893","12,019616","9,943116","9,49916","9,318966","8,934192","9,019497","8,874317","9,345962","9,645165","9,307805","9,613161","9,871870000000001","9,576636","9,146068999999999","8,931268","9,470035","9,295795","10,06833","10,500613999999999","10,686664","10,302128","10,259509","10,584214","11,031317","11,863586999999999","11,412483","11,106808000000001","10,435120999999999","10,731743","11,392764999999999","10,943635","10,322282999999999","10,142149","9,435291","9,286318999999999","10,889543999999999","10,623303","11,226177","11,293168","11,038162","10,604422000000001","10,882273999999999","11,030607","10,860588","10,699054","11,017914000000001","11,185881","10,676261","10,90348","11,459923","10,923292","11,469311","11,908945","11,886959000000001","11,167513999999999","10,594558999999999","10,641572","10,664879999999998","11,680935","12,134354","12,151613","11,896147000000001"
Cogeneration,"26,66492300000001","29,74897900000001","31,841379","30,86378199999999","26,505946","25,124255","24,5708","25,307188","25,225254","25,762991000000003","28,579635999999997","33,196056","27,924431000000002","25,737574000000002","24,604709","23,411621999999998","24,820982","24,634595","27,96618200000001","24,755224","23,211733","24,354224","25,91751300000001","31,25644400000001","43,36754","46,15835799999999","39,664716","39,125912000000014","47,86778399999999","49,70349800000001","38,326065","41,83968900000002","44,604345","39,368742","39,022306","46,77058400000001","46,481072999999995","43,298708","45,07279500000001","45,012361","41,049408","39,18817399999999","39,193637","37,21430099999999","39,927188","44,021338","50,00100200000001","45,160269","41,999320000000004","44,43368600000001","46,50834900000001","46,44863700000001","48,42962600000002","49,67227600000001","44,38198099999999","41,664798999999995","43,570593","43,045061000000004","44,998042999999996","40,43526700000001","28,739221","26,020593000000012","26,230348999999997","37,41598200000001","51,172901999999986","53,542182","56,90465700000001","55,897932","53,412910000000004","39,83385599999999","49,50816499999999","53,861511000000014","53,40010600000001","53,310947000000006","47,84963999999998","38,208612","37,713826999999995","43,067758000000005","50,10056999999999","55,334095999999995","57,36508100000001","58,08959500000001","46,010180999999996","37,47376200000001","43,14911200000001","52,16800999999999","55,90752599999999","56,036624","57,108909","50,49697399999999","47,91152099999999"
Non-renewable waste,"2,845857","2,872284","2,779859","2,746301","2,6300125","2,740955","2,5822045","2,3312725","2,1129295000000003","2,026074","2,0811085","2,028225","2,1513665","2,3075414999999997","2,2696460000000003","2,2974769999999998","2,2672105","2,423285","2,3217675","2,291572","2,1618114999999998","2,285963","2,1984475000000003","1,9190924999999999","2,2361855","2,3847595","2,430678","2,650966","2,5909955","2,377107","2,0693560000000004","1,8326365","2,142898","2,1112325000000003","2,3504745","2,1832365","2,2746955","2,072972","2,366721","2,2973835","2,3394005","2,4096954999999998","2,1182220000000003","2,1556455","2,528346","2,7087044999999996","2,8454615","2,8617820000000003","2,785328","2,9353515000000003","3,2869145","3,2953015","3,4273925","3,495702","3,086463","2,9007695","2,7604925","2,9002515","2,9271435","2,6966509999999997","2,26559","2,530972","2,4582764999999998","2,4155295","2,7402705000000003","3,3525555","3,388119","3,6552395","4,099902","3,836868","3,73187","3,0969205","3,3537125","3,8515895","3,7103935000000003","3,734335","3,7257190000000002","3,8060125","3,8371779999999998","4,013597","4,349079","4,2162135","3,5958110000000003","3,440237","3,747434","3,909151","4,0108665","4,2547749999999995","4,226891999999999","4,1332705","4,213131000000001"
Renewable waste,"2,045087","2,0529409999999997","1,994398","2,058398","1,9054555","1,908088","1,8715785","1,7350645","1,7628395000000001","1,596859","1,4961685","1,468757","1,6158725","1,7550065","1,6818769999999998","1,6350360000000002","1,6866344999999998","1,686747","1,5534035","1,528278","1,4785305","1,619943","1,5417715","1,3712075","1,3910525","1,4668785","1,547051","1,707005","1,6443095","1,474844","1,205664","1,0631735","1,340811","1,4618265","1,6140525000000001","1,4158035","1,4523965","1,27166","1,6429749999999999","1,4508585","1,4262485","1,5158665","1,441526","1,3971585","1,703061","1,8123465","1,8743334999999999","1,957705","1,976543","1,8664485","1,7708215","1,8905094999999998","1,8635184999999999","1,880255","1,77396","1,5965805","1,4850015","1,5099845","1,5809315","1,571018","1,589382","1,811037","1,7500615","1,6435525","1,7250635","1,8043595000000001","1,802924","2,1018395","2,564339","2,533835","2,166906","1,7216065","1,8108115","2,5752135","2,5195805","2,518317","2,525866","2,4132235","2,53531","2,534821","2,7828850000000003","2,6320265","2,462384","2,542306","2,6519340000000002","2,53454","2,6439375","2,8372829999999998","2,765437","2,7468785","2,821355"
Total generation,"716,380235","709,866119","732,309625","708,8347350000001","731,361102","642,3408289999998","575,1694019999999","702,6951829999997","700,7784819999998","715,9084660000001","695,862757","657,767665","596,1755030000002","574,3486410000002","687,713067","738,3500499999999","745,1428080000002","751,6328109999998","694,791382","682,3708420000002","666,4592519999999","752,7934939999999","756,9160770000001","770,1168150000002","705,5659820000001","703,7794319999999","675,3389069999998","573,180573","671,356825","689,9886230000002","655,6944260000002","733,5756530000002","715,264633","706,7991270000001","628,7356139999998","700,4310480000001","754,121115","738,048821","661,0293520000002","682,9149179999998","614,373614","538,9794929999999","681,126007","713,3702600000001","700,814237","703,742762","674,9297189999999","611,6488929999998","561,2207619999999","628,1430980000001","667,6356839999999","672,8658489999999","669,0765130000001","674,0386560000001","631,077956","567,8594630000001","688,539204","671,3085290000001","703,440264","745,391418","772,840751","718,6020599999999","677,200232","712,311953","681,014687","721,225465","759,9389599999998","756,5370120000001","675,3658620000001","674,6471630000001","704,0888809999999","721,254484","725,493448","686,2300650000001","723,5587920000002","632,5232510000001","598,8796930000002","743,4008779999999","717,459875","700,1936019999998","748,453133","736,5647779999999","681,7491630000001","675,913784","722,335976","736,273581","748,4826419999999","745,6566580000001","754,457659","667,2707979999999","621,183634"
 ,,,,,,,,,,,,,,,,,,,,,,,,,,,,,,,,,,,,,,,,,,,,,,,,,,,,,,,,,,,,,,,,,,,,,,,,,,,,,,,,,,,,,,,,,,,
Notes,,,,,,,,,,,,,,,,,,,,,,,,,,,,,,,,,,,,,,,,,,,,,,,,,,,,,,,,,,,,,,,,,,,,,,,,,,,,,,,,,,,,,,,,,,,
 ,,,,,,,,,,,,,,,,,,,,,,,,,,,,,,,,,,,,,,,,,,,,,,,,,,,,,,,,,,,,,,,,,,,,,,,,,,,,,,,,,,,,,,,,,,,
 ,,,,,,,,,,,,,,,,,,,,,,,,,,,,,,,,,,,,,,,,,,,,,,,,,,,,,,,,,,,,,,,,,,,,,,,,,,,,,,,,,,,,,,,,,,,
Status,,,,,,,,,,,,,,,,,,,,,,,,,,,,,,,,,,,,,,,,,,,,,,,,,,,,,,,,,,,,,,,,,,,,,,,,,,,,,,,,,,,,,,,,,,,
 ,Definitivo: 01/04/2024 - 30/06/2024,,,,,,,,,,,,,,,,,,,,,,,,,,,,,,,,,,,,,,,,,,,,,,,,,,,,,,,,,,,,,,,,,,,,,,,,,,,,,,,,,,,,,,,,,,
 ,,,,,,,,,,,,,,,,,,,,,,,,,,,,,,,,,,,,,,,,,,,,,,,,,,,,,,,,,,,,,,,,,,,,,,,,,,,,,,,,,,,,,,,,,,,
Export date,21/05/2026 - 20:53:28,,,,,,,,,,,,,,,,,,,,,,,,,,,,,,,,,,,,,,,,,,,,,,,,,,,,,,,,,,,,,,,,,,,,,,,,,,,,,,,,,,,,,,,,,,
 ,,,,,,,,,,,,,,,,,,,,,,,,,,,,,,,,,,,,,,,,,,,,,,,,,,,,,,,,,,,,,,,,,,,,,,,,,,,,,,,,,,,,,,,,,,,
Source,www.ree.es,,,,,,,,,,,,,,,,,,,,,,,,,,,,,,,,,,,,,,,,,,,,,,,,,,,,,,,,,,,,,,,,,,,,,,,,,,,,,,,,,,,,,,,,,,
