,Spain,France,Germany,hour,day_of_week,month,date
2024-12-31 23:00:00+00:00,134.49,12.36,2.16,23,1,12,2024-12-31
2025-01-01 00:00:00+00:00,131.59,18.92,1.6,0,2,1,2025-01-01
2025-01-01 01:00:00+00:00,131.49,16.66,0.0,1,2,1,2025-01-01
2025-01-01 02:00:00+00:00,131.42,13.1,-0.01,2,2,1,2025-01-01
2025-01-01 03:00:00+00:00,120.49,5.9,-0.01,3,2,1,2025-01-01
2025-01-01 04:00:00+00:00,112.3,9.27,-0.06,4,2,1,2025-01-01
2025-01-01 05:00:00+00:00,112.3,10.04,-0.09,5,2,1,2025-01-01
2025-01-01 06:00:00+00:00,111.88,7.23,-0.01,6,2,1,2025-01-01
2025-01-01 07:00:00+00:00,112.09,12.83,-0.01,7,2,1,2025-01-01
2025-01-01 08:00:00+00:00,94.99,13.76,-0.04,8,2,1,2025-01-01
2025-01-01 09:00:00+00:00,35.0,17.95,-0.03,9,2,1,2025-01-01
2025-01-01 10:00:00+00:00,20.59,20.59,-0.1,10,2,1,2025-01-01
2025-01-01 11:00:00+00:00,28.11,28.11,-0.05,11,2,1,2025-01-01
2025-01-01 12:00:00+00:00,30.0,30.0,-0.1,12,2,1,2025-01-01
2025-01-01 13:00:00+00:00,21.5,21.5,-1.01,13,2,1,2025-01-01
2025-01-01 14:00:00+00:00,10.68,10.68,-0.01,14,2,1,2025-01-01
2025-01-01 15:00:00+00:00,72.0,20.18,-0.01,15,2,1,2025-01-01
2025-01-01 16:00:00+00:00,125.49,35.72,0.07,16,2,1,2025-01-01
2025-01-01 17:00:00+00:00,149.72,48.06,1.01,17,2,1,2025-01-01
2025-01-01 18:00:00+00:00,150.67,50.14,1.48,18,2,1,2025-01-01
2025-01-01 19:00:00+00:00,152.99,41.5,1.0,19,2,1,2025-01-01
2025-01-01 20:00:00+00:00,151.69,34.93,0.07,20,2,1,2025-01-01
2025-01-01 21:00:00+00:00,147.75,34.69,10.05,21,2,1,2025-01-01
2025-01-01 22:00:00+00:00,133.06,28.04,7.01,22,2,1,2025-01-01
2025-01-01 23:00:00+00:00,137.12,39.84,2.55,23,2,1,2025-01-01
2025-01-02 00:00:00+00:00,123.03,44.1,1.56,0,3,1,2025-01-02
2025-01-02 01:00:00+00:00,100.2,44.7,3.45,1,3,1,2025-01-02
2025-01-02 02:00:00+00:00,99.82,42.92,7.02,2,3,1,2025-01-02
2025-01-02 03:00:00+00:00,99.82,40.15,12.75,3,3,1,2025-01-02
2025-01-02 04:00:00+00:00,100.08,52.51,30.07,4,3,1,2025-01-02
2025-01-02 05:00:00+00:00,128.44,93.3,67.13,5,3,1,2025-01-02
2025-01-02 06:00:00+00:00,143.96,120.03,98.83,6,3,1,2025-01-02
2025-01-02 07:00:00+00:00,152.92,135.52,121.53,7,3,1,2025-01-02
2025-01-02 08:00:00+00:00,152.16,136.48,127.23,8,3,1,2025-01-02
2025-01-02 09:00:00+00:00,129.04,129.04,126.35,9,3,1,2025-01-02
2025-01-02 10:00:00+00:00,125.7,125.7,119.97,10,3,1,2025-01-02
2025-01-02 11:00:00+00:00,125.72,125.72,115.95,11,3,1,2025-01-02
2025-01-02 12:00:00+00:00,119.3,119.3,113.9,12,3,1,2025-01-02
2025-01-02 13:00:00+00:00,124.65,124.65,122.21,13,3,1,2025-01-02
2025-01-02 14:00:00+00:00,130.11,130.11,130.11,14,3,1,2025-01-02
2025-01-02 15:00:00+00:00,139.5,139.5,138.59,15,3,1,2025-01-02
2025-01-02 16:00:00+00:00,153.4,153.4,152.87,16,3,1,2025-01-02
2025-01-02 17:00:00+00:00,159.18,153.15,152.94,17,3,1,2025-01-02
2025-01-02 18:00:00+00:00,160.99,146.66,139.15,18,3,1,2025-01-02
2025-01-02 19:00:00+00:00,161.1,130.6,130.0,19,3,1,2025-01-02
2025-01-02 20:00:00+00:00,157.88,120.62,119.78,20,3,1,2025-01-02
2025-01-02 21:00:00+00:00,152.44,117.89,113.42,21,3,1,2025-01-02
2025-01-02 22:00:00+00:00,140.0,118.56,82.47,22,3,1,2025-01-02
2025-01-02 23:00:00+00:00,121.52,103.88,99.56,23,3,1,2025-01-02
2025-01-03 00:00:00+00:00,104.9,95.18,87.53,0,4,1,2025-01-03
2025-01-03 01:00:00+00:00,93.94,89.94,85.01,1,4,1,2025-01-03
2025-01-03 02:00:00+00:00,91.1,87.67,83.79,2,4,1,2025-01-03
2025-01-03 03:00:00+00:00,88.46,84.06,77.5,3,4,1,2025-01-03
2025-01-03 04:00:00+00:00,92.25,92.25,79.88,4,4,1,2025-01-03
2025-01-03 05:00:00+00:00,100.14,100.14,83.56,5,4,1,2025-01-03
2025-01-03 06:00:00+00:00,126.0,119.27,78.43,6,4,1,2025-01-03
2025-01-03 07:00:00+00:00,141.2,127.28,82.57,7,4,1,2025-01-03
2025-01-03 08:00:00+00:00,138.0,132.97,80.76,8,4,1,2025-01-03
2025-01-03 09:00:00+00:00,130.52,130.52,77.64,9,4,1,2025-01-03
2025-01-03 10:00:00+00:00,123.2,123.2,70.48,10,4,1,2025-01-03
2025-01-03 11:00:00+00:00,113.51,113.51,69.94,11,4,1,2025-01-03
2025-01-03 12:00:00+00:00,107.6,107.6,77.8,12,4,1,2025-01-03
2025-01-03 13:00:00+00:00,105.88,105.88,78.81,13,4,1,2025-01-03
2025-01-03 14:00:00+00:00,110.22,110.22,85.29,14,4,1,2025-01-03
2025-01-03 15:00:00+00:00,123.2,123.2,105.51,15,4,1,2025-01-03
2025-01-03 16:00:00+00:00,141.2,141.2,116.66,16,4,1,2025-01-03
2025-01-03 17:00:00+00:00,149.62,144.48,115.06,17,4,1,2025-01-03
2025-01-03 18:00:00+00:00,151.25,141.43,114.91,18,4,1,2025-01-03
2025-01-03 19:00:00+00:00,151.25,133.2,113.3,19,4,1,2025-01-03
2025-01-03 20:00:00+00:00,149.12,119.9,107.8,20,4,1,2025-01-03
2025-01-03 21:00:00+00:00,145.58,123.58,98.22,21,4,1,2025-01-03
2025-01-03 22:00:00+00:00,136.42,126.09,88.57,22,4,1,2025-01-03
2025-01-03 23:00:00+00:00,109.06,109.06,90.43,23,4,1,2025-01-03
2025-01-04 00:00:00+00:00,101.0,101.0,90.29,0,5,1,2025-01-04
2025-01-04 01:00:00+00:00,95.53,95.53,90.2,1,5,1,2025-01-04
2025-01-04 02:00:00+00:00,94.33,94.33,91.52,2,5,1,2025-01-04
2025-01-04 03:00:00+00:00,96.62,96.62,95.95,3,5,1,2025-01-04
2025-01-04 04:00:00+00:00,102.63,102.63,102.11,4,5,1,2025-01-04
2025-01-04 05:00:00+00:00,110.89,110.89,110.66,5,5,1,2025-01-04
2025-01-04 06:00:00+00:00,120.25,120.25,119.96,6,5,1,2025-01-04
2025-01-04 07:00:00+00:00,128.39,128.39,128.39,7,5,1,2025-01-04
2025-01-04 08:00:00+00:00,128.41,130.75,130.75,8,5,1,2025-01-04
2025-01-04 09:00:00+00:00,118.99,130.34,130.34,9,5,1,2025-01-04
2025-01-04 10:00:00+00:00,99.0,128.29,128.29,10,5,1,2025-01-04
2025-01-04 11:00:00+00:00,82.52,130.03,130.03,11,5,1,2025-01-04
2025-01-04 12:00:00+00:00,82.27,129.85,129.85,12,5,1,2025-01-04
2025-01-04 13:00:00+00:00,88.22,136.4,136.4,13,5,1,2025-01-04
2025-01-04 14:00:00+00:00,97.35,138.89,138.72,14,5,1,2025-01-04
2025-01-04 15:00:00+00:00,119.47,133.52,142.0,15,5,1,2025-01-04
2025-01-04 16:00:00+00:00,134.63,136.78,151.24,16,5,1,2025-01-04
2025-01-04 17:00:00+00:00,145.0,145.0,143.85,17,5,1,2025-01-04
2025-01-04 18:00:00+00:00,139.73,139.73,137.96,18,5,1,2025-01-04
2025-01-04 19:00:00+00:00,130.49,130.49,129.49,19,5,1,2025-01-04
2025-01-04 20:00:00+00:00,123.82,123.82,122.83,20,5,1,2025-01-04
2025-01-04 21:00:00+00:00,119.23,119.23,118.29,21,5,1,2025-01-04
2025-01-04 22:00:00+00:00,109.9,109.9,109.49,22,5,1,2025-01-04
2025-01-04 23:00:00+00:00,101.77,101.77,113.84,23,5,1,2025-01-04
2025-01-05 00:00:00+00:00,70.5,70.5,100.33,0,6,1,2025-01-05
2025-01-05 01:00:00+00:00,64.81,64.81,93.61,1,6,1,2025-01-05
2025-01-05 02:00:00+00:00,46.7,46.7,93.87,2,6,1,2025-01-05
2025-01-05 03:00:00+00:00,43.87,43.87,89.38,3,6,1,2025-01-05
2025-01-05 04:00:00+00:00,36.61,36.61,83.55,4,6,1,2025-01-05
2025-01-05 05:00:00+00:00,34.04,34.04,83.92,5,6,1,2025-01-05
2025-01-05 06:00:00+00:00,44.0,44.0,82.53,6,6,1,2025-01-05
2025-01-05 07:00:00+00:00,51.27,51.27,84.05,7,6,1,2025-01-05
2025-01-05 08:00:00+00:00,50.0,50.0,89.15,8,6,1,2025-01-05
2025-01-05 09:00:00+00:00,49.81,49.81,82.95,9,6,1,2025-01-05
2025-01-05 10:00:00+00:00,43.05,43.05,88.82,10,6,1,2025-01-05
2025-01-05 11:00:00+00:00,45.74,45.74,81.66,11,6,1,2025-01-05
2025-01-05 12:00:00+00:00,35.19,35.19,78.39,12,6,1,2025-01-05
2025-01-05 13:00:00+00:00,30.0,30.0,68.0,13,6,1,2025-01-05
2025-01-05 14:00:00+00:00,28.0,28.0,50.64,14,6,1,2025-01-05
2025-01-05 15:00:00+00:00,35.22,35.22,49.91,15,6,1,2025-01-05
2025-01-05 16:00:00+00:00,57.72,57.72,66.3,16,6,1,2025-01-05
2025-01-05 17:00:00+00:00,64.81,64.81,65.05,17,6,1,2025-01-05
2025-01-05 18:00:00+00:00,64.81,59.06,51.28,18,6,1,2025-01-05
2025-01-05 19:00:00+00:00,65.2,50.97,36.85,19,6,1,2025-01-05
2025-01-05 20:00:00+00:00,68.5,48.89,36.8,20,6,1,2025-01-05
2025-01-05 21:00:00+00:00,60.0,38.22,34.68,21,6,1,2025-01-05
2025-01-05 22:00:00+00:00,43.01,20.55,28.14,22,6,1,2025-01-05
2025-01-05 23:00:00+00:00,13.28,13.28,27.52,23,6,1,2025-01-05
2025-01-06 00:00:00+00:00,8.35,8.35,19.26,0,0,1,2025-01-06
2025-01-06 01:00:00+00:00,5.23,5.23,11.35,1,0,1,2025-01-06
2025-01-06 02:00:00+00:00,3.52,3.52,9.2,2,0,1,2025-01-06
2025-01-06 03:00:00+00:00,3.52,3.52,10.0,3,0,1,2025-01-06
2025-01-06 04:00:00+00:00,5.61,5.61,14.81,4,0,1,2025-01-06
2025-01-06 05:00:00+00:00,11.27,11.27,23.82,5,0,1,2025-01-06
2025-01-06 06:00:00+00:00,37.0,37.0,31.72,6,0,1,2025-01-06
2025-01-06 07:00:00+00:00,58.15,58.15,41.37,7,0,1,2025-01-06
2025-01-06 08:00:00+00:00,51.15,51.15,36.36,8,0,1,2025-01-06
2025-01-06 09:00:00+00:00,40.81,40.81,34.69,9,0,1,2025-01-06
2025-01-06 10:00:00+00:00,32.83,32.83,32.83,10,0,1,2025-01-06
2025-01-06 11:00:00+00:00,31.28,31.28,31.28,11,0,1,2025-01-06
2025-01-06 12:00:00+00:00,22.99,28.6,28.6,12,0,1,2025-01-06
2025-01-06 13:00:00+00:00,14.0,26.95,25.61,13,0,1,2025-01-06
2025-01-06 14:00:00+00:00,14.0,26.32,26.32,14,0,1,2025-01-06
2025-01-06 15:00:00+00:00,38.49,38.49,26.87,15,0,1,2025-01-06
2025-01-06 16:00:00+00:00,67.5,67.5,31.66,16,0,1,2025-01-06
2025-01-06 17:00:00+00:00,91.4,88.34,31.58,17,0,1,2025-01-06
2025-01-06 18:00:00+00:00,110.0,79.66,28.74,18,0,1,2025-01-06
2025-01-06 19:00:00+00:00,116.2,67.18,26.59,19,0,1,2025-01-06
2025-01-06 20:00:00+00:00,117.78,48.79,13.82,20,0,1,2025-01-06
2025-01-06 21:00:00+00:00,105.93,48.02,26.94,21,0,1,2025-01-06
2025-01-06 22:00:00+00:00,90.0,28.8,12.99,22,0,1,2025-01-06
2025-01-06 23:00:00+00:00,64.07,20.88,19.07,23,0,1,2025-01-06
2025-01-07 00:00:00+00:00,60.0,6.66,8.71,0,1,1,2025-01-07
2025-01-07 01:00:00+00:00,49.9,12.54,8.9,1,1,1,2025-01-07
2025-01-07 02:00:00+00:00,38.41,5.59,5.01,2,1,1,2025-01-07
2025-01-07 03:00:00+00:00,19.2,0.4,5.13,3,1,1,2025-01-07
2025-01-07 04:00:00+00:00,38.7,12.49,5.8,4,1,1,2025-01-07
2025-01-07 05:00:00+00:00,60.08,60.01,48.86,5,1,1,2025-01-07
2025-01-07 06:00:00+00:00,97.56,97.56,76.83,6,1,1,2025-01-07
2025-01-07 07:00:00+00:00,115.0,115.0,85.08,7,1,1,2025-01-07
2025-01-07 08:00:00+00:00,105.18,105.18,84.24,8,1,1,2025-01-07
2025-01-07 09:00:00+00:00,93.49,93.49,75.25,9,1,1,2025-01-07
2025-01-07 10:00:00+00:00,74.93,74.93,62.8,10,1,1,2025-01-07
2025-01-07 11:00:00+00:00,71.25,71.25,62.44,11,1,1,2025-01-07
2025-01-07 12:00:00+00:00,71.62,73.12,63.9,12,1,1,2025-01-07
2025-01-07 13:00:00+00:00,72.57,79.76,72.56,13,1,1,2025-01-07
2025-01-07 14:00:00+00:00,85.0,85.0,78.11,14,1,1,2025-01-07
2025-01-07 15:00:00+00:00,100.64,100.64,79.98,15,1,1,2025-01-07
2025-01-07 16:00:00+00:00,118.34,118.34,96.03,16,1,1,2025-01-07
2025-01-07 17:00:00+00:00,128.87,128.87,101.11,17,1,1,2025-01-07
2025-01-07 18:00:00+00:00,125.0,125.0,86.21,18,1,1,2025-01-07
2025-01-07 19:00:00+00:00,113.97,107.24,78.01,19,1,1,2025-01-07
2025-01-07 20:00:00+00:00,110.76,100.55,72.45,20,1,1,2025-01-07
2025-01-07 21:00:00+00:00,98.53,98.53,72.45,21,1,1,2025-01-07
2025-01-07 22:00:00+00:00,89.27,89.27,50.04,22,1,1,2025-01-07
2025-01-07 23:00:00+00:00,74.23,74.23,71.05,23,1,1,2025-01-07
2025-01-08 00:00:00+00:00,69.5,69.5,68.01,0,2,1,2025-01-08
2025-01-08 01:00:00+00:00,59.97,59.97,63.34,1,2,1,2025-01-08
2025-01-08 02:00:00+00:00,53.0,53.0,57.01,2,2,1,2025-01-08
2025-01-08 03:00:00+00:00,59.52,59.52,66.29,3,2,1,2025-01-08
2025-01-08 04:00:00+00:00,70.2,70.2,72.07,4,2,1,2025-01-08
2025-01-08 05:00:00+00:00,97.41,97.41,82.7,5,2,1,2025-01-08
2025-01-08 06:00:00+00:00,124.39,124.39,100.73,6,2,1,2025-01-08
2025-01-08 07:00:00+00:00,135.01,135.01,128.22,7,2,1,2025-01-08
2025-01-08 08:00:00+00:00,130.01,131.32,108.18,8,2,1,2025-01-08
2025-01-08 09:00:00+00:00,108.8,125.04,94.65,9,2,1,2025-01-08
2025-01-08 10:00:00+00:00,104.46,104.46,100.01,10,2,1,2025-01-08
2025-01-08 11:00:00+00:00,97.57,97.57,89.99,11,2,1,2025-01-08
2025-01-08 12:00:00+00:00,90.79,100.21,97.2,12,2,1,2025-01-08
2025-01-08 13:00:00+00:00,88.81,110.19,110.19,13,2,1,2025-01-08
2025-01-08 14:00:00+00:00,90.01,126.62,127.8,14,2,1,2025-01-08
2025-01-08 15:00:00+00:00,105.48,124.05,135.82,15,2,1,2025-01-08
2025-01-08 16:00:00+00:00,113.75,124.58,155.46,16,2,1,2025-01-08
2025-01-08 17:00:00+00:00,122.0,137.58,149.23,17,2,1,2025-01-08
2025-01-08 18:00:00+00:00,131.0,131.0,146.48,18,2,1,2025-01-08
2025-01-08 19:00:00+00:00,124.81,124.81,136.86,19,2,1,2025-01-08
2025-01-08 20:00:00+00:00,112.66,112.66,127.86,20,2,1,2025-01-08
2025-01-08 21:00:00+00:00,111.9,111.9,115.92,21,2,1,2025-01-08
2025-01-08 22:00:00+00:00,98.77,98.77,103.59,22,2,1,2025-01-08
2025-01-08 23:00:00+00:00,60.38,60.38,101.44,23,2,1,2025-01-08
2025-01-09 00:00:00+00:00,49.9,49.9,100.0,0,3,1,2025-01-09
2025-01-09 01:00:00+00:00,40.52,51.86,98.77,1,3,1,2025-01-09
2025-01-09 02:00:00+00:00,25.61,25.61,95.22,2,3,1,2025-01-09
2025-01-09 03:00:00+00:00,13.01,13.01,98.28,3,3,1,2025-01-09
2025-01-09 04:00:00+00:00,30.29,30.29,102.65,4,3,1,2025-01-09
2025-01-09 05:00:00+00:00,60.08,60.08,133.54,5,3,1,2025-01-09
2025-01-09 06:00:00+00:00,90.79,90.79,148.8,6,3,1,2025-01-09
2025-01-09 07:00:00+00:00,100.99,100.99,164.88,7,3,1,2025-01-09
2025-01-09 08:00:00+00:00,102.44,102.44,156.15,8,3,1,2025-01-09
2025-01-09 09:00:00+00:00,97.45,97.45,147.64,9,3,1,2025-01-09
2025-01-09 10:00:00+00:00,90.41,90.41,140.21,10,3,1,2025-01-09
2025-01-09 11:00:00+00:00,88.34,94.75,128.18,11,3,1,2025-01-09
2025-01-09 12:00:00+00:00,79.9,84.19,121.15,12,3,1,2025-01-09
2025-01-09 13:00:00+00:00,79.05,80.89,123.95,13,3,1,2025-01-09
2025-01-09 14:00:00+00:00,85.09,88.11,127.53,14,3,1,2025-01-09
2025-01-09 15:00:00+00:00,109.4,109.4,123.75,15,3,1,2025-01-09
2025-01-09 16:00:00+00:00,131.62,131.62,130.91,16,3,1,2025-01-09
2025-01-09 17:00:00+00:00,135.73,135.73,134.75,17,3,1,2025-01-09
2025-01-09 18:00:00+00:00,135.01,135.01,125.44,18,3,1,2025-01-09
2025-01-09 19:00:00+00:00,141.27,120.36,119.23,19,3,1,2025-01-09
2025-01-09 20:00:00+00:00,135.01,105.8,104.99,20,3,1,2025-01-09
2025-01-09 21:00:00+00:00,114.38,101.43,101.1,21,3,1,2025-01-09
2025-01-09 22:00:00+00:00,101.0,94.26,88.19,22,3,1,2025-01-09
2025-01-09 23:00:00+00:00,98.11,86.82,84.79,23,3,1,2025-01-09
2025-01-10 00:00:00+00:00,80.25,80.25,80.23,0,4,1,2025-01-10
2025-01-10 01:00:00+00:00,72.09,72.09,71.29,1,4,1,2025-01-10
2025-01-10 02:00:00+00:00,69.94,69.94,69.05,2,4,1,2025-01-10
2025-01-10 03:00:00+00:00,70.07,70.07,69.89,3,4,1,2025-01-10
2025-01-10 04:00:00+00:00,85.06,85.06,83.9,4,4,1,2025-01-10
2025-01-10 05:00:00+00:00,101.8,101.8,99.09,5,4,1,2025-01-10
2025-01-10 06:00:00+00:00,126.12,126.12,123.92,6,4,1,2025-01-10
2025-01-10 07:00:00+00:00,140.33,140.33,139.47,7,4,1,2025-01-10
2025-01-10 08:00:00+00:00,137.22,137.22,136.92,8,4,1,2025-01-10
2025-01-10 09:00:00+00:00,123.57,123.57,123.57,9,4,1,2025-01-10
2025-01-10 10:00:00+00:00,113.59,113.59,113.59,10,4,1,2025-01-10
2025-01-10 11:00:00+00:00,107.43,107.43,107.43,11,4,1,2025-01-10
2025-01-10 12:00:00+00:00,105.01,105.01,105.01,12,4,1,2025-01-10
2025-01-10 13:00:00+00:00,108.18,110.01,110.01,13,4,1,2025-01-10
2025-01-10 14:00:00+00:00,111.61,128.69,128.69,14,4,1,2025-01-10
2025-01-10 15:00:00+00:00,118.76,135.57,134.87,15,4,1,2025-01-10
2025-01-10 16:00:00+00:00,132.58,142.72,142.56,16,4,1,2025-01-10
2025-01-10 17:00:00+00:00,144.28,144.28,144.12,17,4,1,2025-01-10
2025-01-10 18:00:00+00:00,141.27,141.27,141.05,18,4,1,2025-01-10
2025-01-10 19:00:00+00:00,134.83,134.83,134.82,19,4,1,2025-01-10
2025-01-10 20:00:00+00:00,122.51,122.51,122.51,20,4,1,2025-01-10
2025-01-10 21:00:00+00:00,119.79,119.79,119.77,21,4,1,2025-01-10
2025-01-10 22:00:00+00:00,112.0,112.0,111.71,22,4,1,2025-01-10
2025-01-10 23:00:00+00:00,112.0,112.0,106.64,23,4,1,2025-01-10
2025-01-11 00:00:00+00:00,100.61,100.61,98.99,0,5,1,2025-01-11
2025-01-11 01:00:00+00:00,96.32,96.32,95.71,1,5,1,2025-01-11
2025-01-11 02:00:00+00:00,84.49,92.02,89.45,2,5,1,2025-01-11
2025-01-11 03:00:00+00:00,79.78,90.82,88.35,3,5,1,2025-01-11
2025-01-11 04:00:00+00:00,84.1,92.16,88.4,4,5,1,2025-01-11
2025-01-11 05:00:00+00:00,95.46,95.46,88.13,5,5,1,2025-01-11
2025-01-11 06:00:00+00:00,84.9,104.07,94.68,6,5,1,2025-01-11
2025-01-11 07:00:00+00:00,97.0,115.85,107.65,7,5,1,2025-01-11
2025-01-11 08:00:00+00:00,105.53,118.19,103.14,8,5,1,2025-01-11
2025-01-11 09:00:00+00:00,109.71,114.24,101.13,9,5,1,2025-01-11
2025-01-11 10:00:00+00:00,87.14,100.58,99.56,10,5,1,2025-01-11
2025-01-11 11:00:00+00:00,78.78,97.14,96.74,11,5,1,2025-01-11
2025-01-11 12:00:00+00:00,70.0,93.15,93.15,12,5,1,2025-01-11
2025-01-11 13:00:00+00:00,64.75,95.74,94.9,13,5,1,2025-01-11
2025-01-11 14:00:00+00:00,60.3,105.05,104.89,14,5,1,2025-01-11
2025-01-11 15:00:00+00:00,78.91,113.29,112.12,15,5,1,2025-01-11
2025-01-11 16:00:00+00:00,113.3,120.97,119.8,16,5,1,2025-01-11
2025-01-11 17:00:00+00:00,118.87,123.86,122.34,17,5,1,2025-01-11
2025-01-11 18:00:00+00:00,123.55,123.55,114.85,18,5,1,2025-01-11
2025-01-11 19:00:00+00:00,119.95,119.95,111.19,19,5,1,2025-01-11
2025-01-11 20:00:00+00:00,116.2,116.2,104.8,20,5,1,2025-01-11
2025-01-11 21:00:00+00:00,113.27,113.27,103.07,21,5,1,2025-01-11
2025-01-11 22:00:00+00:00,106.1,106.1,105.69,22,5,1,2025-01-11
2025-01-11 23:00:00+00:00,110.36,110.36,83.58,23,5,1,2025-01-11
2025-01-12 00:00:00+00:00,97.57,97.57,83.79,0,6,1,2025-01-12
2025-01-12 01:00:00+00:00,90.0,90.0,86.75,1,6,1,2025-01-12
2025-01-12 02:00:00+00:00,85.91,85.91,84.2,2,6,1,2025-01-12
2025-01-12 03:00:00+00:00,85.0,85.0,85.0,3,6,1,2025-01-12
2025-01-12 04:00:00+00:00,85.2,85.7,83.75,4,6,1,2025-01-12
2025-01-12 05:00:00+00:00,85.65,90.13,85.9,5,6,1,2025-01-12
2025-01-12 06:00:00+00:00,79.63,101.75,101.75,6,6,1,2025-01-12
2025-01-12 07:00:00+00:00,85.2,114.97,114.67,7,6,1,2025-01-12
2025-01-12 08:00:00+00:00,77.24,120.07,120.07,8,6,1,2025-01-12
2025-01-12 09:00:00+00:00,40.0,117.77,117.77,9,6,1,2025-01-12
2025-01-12 10:00:00+00:00,12.17,105.61,105.61,10,6,1,2025-01-12
2025-01-12 11:00:00+00:00,3.6,102.99,102.99,11,6,1,2025-01-12
2025-01-12 12:00:00+00:00,3.52,99.61,99.61,12,6,1,2025-01-12
2025-01-12 13:00:00+00:00,3.52,95.4,104.74,13,6,1,2025-01-12
2025-01-12 14:00:00+00:00,2.4,101.24,118.7,14,6,1,2025-01-12
2025-01-12 15:00:00+00:00,10.96,109.56,132.92,15,6,1,2025-01-12
2025-01-12 16:00:00+00:00,89.07,120.61,141.0,16,6,1,2025-01-12
2025-01-12 17:00:00+00:00,116.28,146.66,146.66,17,6,1,2025-01-12
2025-01-12 18:00:00+00:00,126.8,138.07,143.66,18,6,1,2025-01-12
2025-01-12 19:00:00+00:00,124.0,124.0,134.86,19,6,1,2025-01-12
2025-01-12 20:00:00+00:00,123.67,123.67,127.49,20,6,1,2025-01-12
2025-01-12 21:00:00+00:00,116.73,116.73,121.2,21,6,1,2025-01-12
2025-01-12 22:00:00+00:00,114.9,114.9,114.9,22,6,1,2025-01-12
2025-01-12 23:00:00+00:00,112.39,112.39,112.39,23,6,1,2025-01-12
2025-01-13 00:00:00+00:00,105.07,105.07,105.07,0,0,1,2025-01-13
2025-01-13 01:00:00+00:00,104.46,104.46,104.46,1,0,1,2025-01-13
2025-01-13 02:00:00+00:00,100.37,100.37,100.37,2,0,1,2025-01-13
2025-01-13 03:00:00+00:00,100.0,100.0,100.0,3,0,1,2025-01-13
2025-01-13 04:00:00+00:00,109.13,109.13,110.11,4,0,1,2025-01-13
2025-01-13 05:00:00+00:00,127.14,127.14,140.28,5,0,1,2025-01-13
2025-01-13 06:00:00+00:00,141.29,150.16,181.92,6,0,1,2025-01-13
2025-01-13 07:00:00+00:00,180.0,186.0,223.09,7,0,1,2025-01-13
2025-01-13 08:00:00+00:00,145.67,146.5,174.09,8,0,1,2025-01-13
2025-01-13 09:00:00+00:00,128.38,128.38,141.69,9,0,1,2025-01-13
2025-01-13 10:00:00+00:00,111.92,116.13,115.73,10,0,1,2025-01-13
2025-01-13 11:00:00+00:00,105.22,105.69,104.1,11,0,1,2025-01-13
2025-01-13 12:00:00+00:00,100.81,100.81,103.04,12,0,1,2025-01-13
2025-01-13 13:00:00+00:00,104.91,104.91,104.67,13,0,1,2025-01-13
2025-01-13 14:00:00+00:00,110.72,112.59,138.2,14,0,1,2025-01-13
2025-01-13 15:00:00+00:00,126.64,126.64,142.62,15,0,1,2025-01-13
2025-01-13 16:00:00+00:00,145.37,148.7,149.0,16,0,1,2025-01-13
2025-01-13 17:00:00+00:00,157.07,157.07,149.0,17,0,1,2025-01-13
2025-01-13 18:00:00+00:00,158.39,158.39,139.73,18,0,1,2025-01-13
2025-01-13 19:00:00+00:00,146.39,141.32,123.18,19,0,1,2025-01-13
2025-01-13 20:00:00+00:00,143.02,122.59,120.22,20,0,1,2025-01-13
2025-01-13 21:00:00+00:00,135.01,121.41,115.57,21,0,1,2025-01-13
2025-01-13 22:00:00+00:00,120.1,120.1,102.31,22,0,1,2025-01-13
2025-01-13 23:00:00+00:00,122.19,122.19,106.38,23,0,1,2025-01-13
2025-01-14 00:00:00+00:00,117.67,117.67,103.7,0,1,1,2025-01-14
2025-01-14 01:00:00+00:00,114.53,114.53,99.08,1,1,1,2025-01-14
2025-01-14 02:00:00+00:00,112.2,112.2,97.99,2,1,1,2025-01-14
2025-01-14 03:00:00+00:00,112.2,112.2,101.88,3,1,1,2025-01-14
2025-01-14 04:00:00+00:00,114.34,114.34,107.64,4,1,1,2025-01-14
2025-01-14 05:00:00+00:00,138.52,138.52,123.4,5,1,1,2025-01-14
2025-01-14 06:00:00+00:00,156.0,161.02,156.62,6,1,1,2025-01-14
2025-01-14 07:00:00+00:00,186.54,186.54,184.03,7,1,1,2025-01-14
2025-01-14 08:00:00+00:00,152.47,152.47,151.86,8,1,1,2025-01-14
2025-01-14 09:00:00+00:00,133.76,133.76,117.62,9,1,1,2025-01-14
2025-01-14 10:00:00+00:00,114.53,114.53,109.31,10,1,1,2025-01-14
2025-01-14 11:00:00+00:00,112.37,112.37,103.11,11,1,1,2025-01-14
2025-01-14 12:00:00+00:00,111.63,111.63,108.11,12,1,1,2025-01-14
2025-01-14 13:00:00+00:00,114.53,116.44,115.35,13,1,1,2025-01-14
2025-01-14 14:00:00+00:00,115.03,129.11,125.35,14,1,1,2025-01-14
2025-01-14 15:00:00+00:00,132.53,145.13,141.97,15,1,1,2025-01-14
2025-01-14 16:00:00+00:00,160.87,169.66,165.86,16,1,1,2025-01-14
2025-01-14 17:00:00+00:00,188.31,188.31,170.07,17,1,1,2025-01-14
2025-01-14 18:00:00+00:00,189.54,189.54,158.38,18,1,1,2025-01-14
2025-01-14 19:00:00+00:00,165.57,154.0,135.46,19,1,1,2025-01-14
2025-01-14 20:00:00+00:00,152.0,127.62,117.69,20,1,1,2025-01-14
2025-01-14 21:00:00+00:00,148.68,135.31,121.0,21,1,1,2025-01-14
2025-01-14 22:00:00+00:00,141.98,122.27,121.76,22,1,1,2025-01-14
2025-01-14 23:00:00+00:00,132.4,119.33,108.28,23,1,1,2025-01-14
2025-01-15 00:00:00+00:00,122.4,122.4,107.72,0,2,1,2025-01-15
2025-01-15 01:00:00+00:00,118.6,118.6,108.41,1,2,1,2025-01-15
2025-01-15 02:00:00+00:00,118.42,109.76,108.04,2,2,1,2025-01-15
2025-01-15 03:00:00+00:00,118.13,111.77,108.75,3,2,1,2025-01-15
2025-01-15 04:00:00+00:00,118.13,118.13,114.92,4,2,1,2025-01-15
2025-01-15 05:00:00+00:00,135.56,135.56,134.49,5,2,1,2025-01-15
2025-01-15 06:00:00+00:00,167.32,192.04,191.79,6,2,1,2025-01-15
2025-01-15 07:00:00+00:00,225.0,275.0,307.24,7,2,1,2025-01-15
2025-01-15 08:00:00+00:00,160.0,250.0,315.02,8,2,1,2025-01-15
2025-01-15 09:00:00+00:00,138.92,179.56,311.03,9,2,1,2025-01-15
2025-01-15 10:00:00+00:00,132.7,169.1,304.8,10,2,1,2025-01-15
2025-01-15 11:00:00+00:00,126.0,166.26,311.02,11,2,1,2025-01-15
2025-01-15 12:00:00+00:00,122.4,156.64,309.34,12,2,1,2025-01-15
2025-01-15 13:00:00+00:00,115.58,143.49,285.83,13,2,1,2025-01-15
2025-01-15 14:00:00+00:00,117.81,140.65,301.74,14,2,1,2025-01-15
2025-01-15 15:00:00+00:00,135.0,135.0,333.52,15,2,1,2025-01-15
2025-01-15 16:00:00+00:00,143.2,191.02,377.99,16,2,1,2025-01-15
2025-01-15 17:00:00+00:00,167.32,221.91,324.74,17,2,1,2025-01-15
2025-01-15 18:00:00+00:00,178.97,215.0,270.09,18,2,1,2025-01-15
2025-01-15 19:00:00+00:00,168.78,168.78,181.66,19,2,1,2025-01-15
2025-01-15 20:00:00+00:00,150.97,150.97,150.87,20,2,1,2025-01-15
2025-01-15 21:00:00+00:00,138.77,138.77,141.16,21,2,1,2025-01-15
2025-01-15 22:00:00+00:00,123.9,123.9,123.9,22,2,1,2025-01-15
2025-01-15 23:00:00+00:00,124.33,124.33,126.33,23,2,1,2025-01-15
2025-01-16 00:00:00+00:00,118.41,118.41,119.12,0,3,1,2025-01-16
2025-01-16 01:00:00+00:00,114.0,114.0,117.62,1,3,1,2025-01-16
2025-01-16 02:00:00+00:00,108.58,108.58,115.03,2,3,1,2025-01-16
2025-01-16 03:00:00+00:00,108.59,108.59,115.75,3,3,1,2025-01-16
2025-01-16 04:00:00+00:00,118.1,118.1,123.27,4,3,1,2025-01-16
2025-01-16 05:00:00+00:00,130.8,130.8,138.7,5,3,1,2025-01-16
2025-01-16 06:00:00+00:00,148.04,148.04,173.04,6,3,1,2025-01-16
2025-01-16 07:00:00+00:00,199.94,199.94,199.65,7,3,1,2025-01-16
2025-01-16 08:00:00+00:00,155.11,175.0,175.0,8,3,1,2025-01-16
2025-01-16 09:00:00+00:00,129.9,151.9,151.9,9,3,1,2025-01-16
2025-01-16 10:00:00+00:00,114.0,140.64,140.64,10,3,1,2025-01-16
2025-01-16 11:00:00+00:00,116.0,131.13,131.13,11,3,1,2025-01-16
2025-01-16 12:00:00+00:00,120.5,123.84,130.58,12,3,1,2025-01-16
2025-01-16 13:00:00+00:00,115.14,115.14,138.42,13,3,1,2025-01-16
2025-01-16 14:00:00+00:00,119.64,119.64,163.04,14,3,1,2025-01-16
2025-01-16 15:00:00+00:00,120.34,137.69,179.2,15,3,1,2025-01-16
2025-01-16 16:00:00+00:00,148.04,164.77,191.56,16,3,1,2025-01-16
2025-01-16 17:00:00+00:00,184.32,184.32,184.32,17,3,1,2025-01-16
2025-01-16 18:00:00+00:00,179.97,179.97,179.97,18,3,1,2025-01-16
2025-01-16 19:00:00+00:00,159.6,159.6,159.6,19,3,1,2025-01-16
2025-01-16 20:00:00+00:00,148.33,142.32,141.6,20,3,1,2025-01-16
2025-01-16 21:00:00+00:00,136.02,136.02,135.29,21,3,1,2025-01-16
2025-01-16 22:00:00+00:00,124.44,124.44,123.75,22,3,1,2025-01-16
2025-01-16 23:00:00+00:00,124.83,124.83,118.87,23,3,1,2025-01-16
2025-01-17 00:00:00+00:00,121.32,121.32,118.39,0,4,1,2025-01-17
2025-01-17 01:00:00+00:00,118.2,118.2,115.71,1,4,1,2025-01-17
2025-01-17 02:00:00+00:00,117.49,117.49,114.72,2,4,1,2025-01-17
2025-01-17 03:00:00+00:00,117.26,117.26,115.48,3,4,1,2025-01-17
2025-01-17 04:00:00+00:00,119.99,119.99,122.16,4,4,1,2025-01-17
2025-01-17 05:00:00+00:00,137.1,140.8,140.8,5,4,1,2025-01-17
2025-01-17 06:00:00+00:00,150.84,175.01,175.01,6,4,1,2025-01-17
2025-01-17 07:00:00+00:00,200.0,208.13,208.13,7,4,1,2025-01-17
2025-01-17 08:00:00+00:00,155.1,175.34,175.34,8,4,1,2025-01-17
2025-01-17 09:00:00+00:00,129.87,149.39,158.0,9,4,1,2025-01-17
2025-01-17 10:00:00+00:00,116.44,136.0,140.73,10,4,1,2025-01-17
2025-01-17 11:00:00+00:00,115.2,126.44,126.44,11,4,1,2025-01-17
2025-01-17 12:00:00+00:00,108.5,124.03,124.03,12,4,1,2025-01-17
2025-01-17 13:00:00+00:00,106.5,119.51,132.99,13,4,1,2025-01-17
2025-01-17 14:00:00+00:00,115.0,120.02,151.98,14,4,1,2025-01-17
2025-01-17 15:00:00+00:00,118.38,138.02,170.21,15,4,1,2025-01-17
2025-01-17 16:00:00+00:00,145.12,172.31,178.79,16,4,1,2025-01-17
2025-01-17 17:00:00+00:00,175.0,179.92,179.92,17,4,1,2025-01-17
2025-01-17 18:00:00+00:00,174.22,174.22,174.22,18,4,1,2025-01-17
2025-01-17 19:00:00+00:00,157.91,157.91,157.91,19,4,1,2025-01-17
2025-01-17 20:00:00+00:00,153.27,145.0,145.0,20,4,1,2025-01-17
2025-01-17 21:00:00+00:00,139.97,139.97,139.97,21,4,1,2025-01-17
2025-01-17 22:00:00+00:00,137.34,127.05,126.84,22,4,1,2025-01-17
2025-01-17 23:00:00+00:00,135.56,125.46,125.29,23,4,1,2025-01-17
2025-01-18 00:00:00+00:00,130.01,121.08,121.05,0,5,1,2025-01-18
2025-01-18 01:00:00+00:00,129.73,121.06,120.98,1,5,1,2025-01-18
2025-01-18 02:00:00+00:00,124.9,118.86,118.85,2,5,1,2025-01-18
2025-01-18 03:00:00+00:00,117.0,116.56,116.46,3,5,1,2025-01-18
2025-01-18 04:00:00+00:00,119.78,119.78,119.77,4,5,1,2025-01-18
2025-01-18 05:00:00+00:00,120.0,120.0,119.75,5,5,1,2025-01-18
2025-01-18 06:00:00+00:00,133.8,133.8,133.39,6,5,1,2025-01-18
2025-01-18 07:00:00+00:00,145.69,145.69,145.63,7,5,1,2025-01-18
2025-01-18 08:00:00+00:00,144.1,144.1,144.1,8,5,1,2025-01-18
2025-01-18 09:00:00+00:00,131.7,131.7,131.21,9,5,1,2025-01-18
2025-01-18 10:00:00+00:00,110.2,121.6,121.56,10,5,1,2025-01-18
2025-01-18 11:00:00+00:00,113.97,118.87,118.87,11,5,1,2025-01-18
2025-01-18 12:00:00+00:00,114.17,115.01,115.01,12,5,1,2025-01-18
2025-01-18 13:00:00+00:00,114.17,117.28,119.32,13,5,1,2025-01-18
2025-01-18 14:00:00+00:00,113.97,113.97,133.32,14,5,1,2025-01-18
2025-01-18 15:00:00+00:00,120.9,120.9,149.71,15,5,1,2025-01-18
2025-01-18 16:00:00+00:00,145.65,145.65,164.59,16,5,1,2025-01-18
2025-01-18 17:00:00+00:00,167.57,167.57,167.57,17,5,1,2025-01-18
2025-01-18 18:00:00+00:00,167.85,167.85,167.85,18,5,1,2025-01-18
2025-01-18 19:00:00+00:00,156.12,156.12,156.12,19,5,1,2025-01-18
2025-01-18 20:00:00+00:00,149.61,143.42,143.42,20,5,1,2025-01-18
2025-01-18 21:00:00+00:00,147.25,136.4,136.4,21,5,1,2025-01-18
2025-01-18 22:00:00+00:00,142.19,129.36,129.36,22,5,1,2025-01-18
2025-01-18 23:00:00+00:00,134.46,129.77,129.73,23,5,1,2025-01-18
2025-01-19 00:00:00+00:00,125.51,124.35,124.2,0,6,1,2025-01-19
2025-01-19 01:00:00+00:00,123.17,123.17,123.05,1,6,1,2025-01-19
2025-01-19 02:00:00+00:00,121.24,121.24,121.24,2,6,1,2025-01-19
2025-01-19 03:00:00+00:00,120.18,120.18,120.18,3,6,1,2025-01-19
2025-01-19 04:00:00+00:00,120.0,120.0,120.0,4,6,1,2025-01-19
2025-01-19 05:00:00+00:00,121.59,121.59,121.57,5,6,1,2025-01-19
2025-01-19 06:00:00+00:00,123.47,123.47,123.33,6,6,1,2025-01-19
2025-01-19 07:00:00+00:00,123.61,123.61,123.6,7,6,1,2025-01-19
2025-01-19 08:00:00+00:00,125.33,125.33,125.16,8,6,1,2025-01-19
2025-01-19 09:00:00+00:00,103.0,125.43,125.19,9,6,1,2025-01-19
2025-01-19 10:00:00+00:00,102.35,122.16,121.56,10,6,1,2025-01-19
2025-01-19 11:00:00+00:00,103.0,112.25,112.25,11,6,1,2025-01-19
2025-01-19 12:00:00+00:00,105.1,107.51,107.51,12,6,1,2025-01-19
2025-01-19 13:00:00+00:00,105.5,116.81,116.81,13,6,1,2025-01-19
2025-01-19 14:00:00+00:00,108.53,113.41,126.29,14,6,1,2025-01-19
2025-01-19 15:00:00+00:00,115.79,120.74,140.15,15,6,1,2025-01-19
2025-01-19 16:00:00+00:00,140.0,143.04,149.67,16,6,1,2025-01-19
2025-01-19 17:00:00+00:00,159.68,159.68,159.04,17,6,1,2025-01-19
2025-01-19 18:00:00+00:00,157.33,157.33,156.6,18,6,1,2025-01-19
2025-01-19 19:00:00+00:00,151.47,150.03,149.06,19,6,1,2025-01-19
2025-01-19 20:00:00+00:00,150.86,140.38,139.26,20,6,1,2025-01-19
2025-01-19 21:00:00+00:00,138.43,131.56,130.99,21,6,1,2025-01-19
2025-01-19 22:00:00+00:00,123.12,123.12,122.94,22,6,1,2025-01-19
2025-01-19 23:00:00+00:00,122.3,122.3,122.27,23,6,1,2025-01-19
2025-01-20 00:00:00+00:00,119.5,119.5,119.44,0,0,1,2025-01-20
2025-01-20 01:00:00+00:00,116.57,116.57,116.56,1,0,1,2025-01-20
2025-01-20 02:00:00+00:00,114.41,114.41,114.41,2,0,1,2025-01-20
2025-01-20 03:00:00+00:00,115.45,115.45,115.45,3,0,1,2025-01-20
2025-01-20 04:00:00+00:00,116.1,116.1,127.54,4,0,1,2025-01-20
2025-01-20 05:00:00+00:00,137.33,137.33,161.71,5,0,1,2025-01-20
2025-01-20 06:00:00+00:00,151.06,190.26,276.48,6,0,1,2025-01-20
2025-01-20 07:00:00+00:00,154.06,289.0,431.99,7,0,1,2025-01-20
2025-01-20 08:00:00+00:00,154.15,289.0,291.7,8,0,1,2025-01-20
2025-01-20 09:00:00+00:00,153.1,236.29,236.29,9,0,1,2025-01-20
2025-01-20 10:00:00+00:00,154.73,188.28,187.48,10,0,1,2025-01-20
2025-01-20 11:00:00+00:00,155.0,176.5,176.0,11,0,1,2025-01-20
2025-01-20 12:00:00+00:00,155.0,171.39,171.39,12,0,1,2025-01-20
2025-01-20 13:00:00+00:00,155.01,182.73,191.85,13,0,1,2025-01-20
2025-01-20 14:00:00+00:00,155.13,193.39,277.17,14,0,1,2025-01-20
2025-01-20 15:00:00+00:00,153.58,235.0,402.12,15,0,1,2025-01-20
2025-01-20 16:00:00+00:00,153.34,276.18,583.4,16,0,1,2025-01-20
2025-01-20 17:00:00+00:00,154.93,473.28,473.28,17,0,1,2025-01-20
2025-01-20 18:00:00+00:00,159.15,295.57,295.57,18,0,1,2025-01-20
2025-01-20 19:00:00+00:00,165.6,220.0,220.0,19,0,1,2025-01-20
2025-01-20 20:00:00+00:00,170.0,170.0,170.0,20,0,1,2025-01-20
2025-01-20 21:00:00+00:00,153.58,153.58,152.51,21,0,1,2025-01-20
2025-01-20 22:00:00+00:00,139.0,139.0,137.98,22,0,1,2025-01-20
2025-01-20 23:00:00+00:00,136.0,136.0,127.52,23,0,1,2025-01-20
2025-01-21 00:00:00+00:00,130.65,130.65,121.65,0,1,1,2025-01-21
2025-01-21 01:00:00+00:00,124.35,124.35,116.67,1,1,1,2025-01-21
2025-01-21 02:00:00+00:00,117.05,117.05,113.86,2,1,1,2025-01-21
2025-01-21 03:00:00+00:00,115.3,115.3,113.54,3,1,1,2025-01-21
2025-01-21 04:00:00+00:00,123.83,123.83,122.34,4,1,1,2025-01-21
2025-01-21 05:00:00+00:00,138.86,138.86,142.2,5,1,1,2025-01-21
2025-01-21 06:00:00+00:00,147.08,190.0,190.06,6,1,1,2025-01-21
2025-01-21 07:00:00+00:00,160.0,245.0,248.32,7,1,1,2025-01-21
2025-01-21 08:00:00+00:00,155.1,212.22,211.68,8,1,1,2025-01-21
2025-01-21 09:00:00+00:00,147.78,200.0,198.05,9,1,1,2025-01-21
2025-01-21 10:00:00+00:00,146.69,164.84,161.5,10,1,1,2025-01-21
2025-01-21 11:00:00+00:00,144.57,151.36,147.44,11,1,1,2025-01-21
2025-01-21 12:00:00+00:00,140.34,145.81,142.83,12,1,1,2025-01-21
2025-01-21 13:00:00+00:00,135.25,151.03,150.05,13,1,1,2025-01-21
2025-01-21 14:00:00+00:00,135.53,165.48,173.43,14,1,1,2025-01-21
2025-01-21 15:00:00+00:00,145.1,160.32,212.13,15,1,1,2025-01-21
2025-01-21 16:00:00+00:00,147.29,199.32,301.15,16,1,1,2025-01-21
2025-01-21 17:00:00+00:00,150.19,208.44,251.93,17,1,1,2025-01-21
2025-01-21 18:00:00+00:00,164.22,187.72,202.68,18,1,1,2025-01-21
2025-01-21 19:00:00+00:00,159.5,160.18,174.84,19,1,1,2025-01-21
2025-01-21 20:00:00+00:00,147.08,147.08,155.19,20,1,1,2025-01-21
2025-01-21 21:00:00+00:00,137.0,137.0,138.6,21,1,1,2025-01-21
2025-01-21 22:00:00+00:00,125.75,125.75,125.29,22,1,1,2025-01-21
2025-01-21 23:00:00+00:00,123.53,123.53,128.0,23,1,1,2025-01-21
2025-01-22 00:00:00+00:00,116.3,116.3,125.06,0,2,1,2025-01-22
2025-01-22 01:00:00+00:00,106.78,106.78,122.22,1,2,1,2025-01-22
2025-01-22 02:00:00+00:00,104.45,104.45,121.66,2,2,1,2025-01-22
2025-01-22 03:00:00+00:00,103.6,103.6,123.16,3,2,1,2025-01-22
2025-01-22 04:00:00+00:00,107.0,107.0,128.32,4,2,1,2025-01-22
2025-01-22 05:00:00+00:00,120.57,120.57,156.92,5,2,1,2025-01-22
2025-01-22 06:00:00+00:00,140.33,140.33,208.25,6,2,1,2025-01-22
2025-01-22 07:00:00+00:00,153.0,200.0,238.6,7,2,1,2025-01-22
2025-01-22 08:00:00+00:00,152.19,199.41,199.41,8,2,1,2025-01-22
2025-01-22 09:00:00+00:00,144.38,179.06,179.06,9,2,1,2025-01-22
2025-01-22 10:00:00+00:00,137.0,172.94,172.94,10,2,1,2025-01-22
2025-01-22 11:00:00+00:00,132.61,165.0,165.0,11,2,1,2025-01-22
2025-01-22 12:00:00+00:00,127.14,170.0,170.0,12,2,1,2025-01-22
2025-01-22 13:00:00+00:00,126.99,177.03,179.92,13,2,1,2025-01-22
2025-01-22 14:00:00+00:00,131.35,185.0,195.67,14,2,1,2025-01-22
2025-01-22 15:00:00+00:00,139.57,165.85,199.04,15,2,1,2025-01-22
2025-01-22 16:00:00+00:00,149.03,149.03,208.99,16,2,1,2025-01-22
2025-01-22 17:00:00+00:00,159.6,159.6,180.43,17,2,1,2025-01-22
2025-01-22 18:00:00+00:00,167.72,167.72,167.08,18,2,1,2025-01-22
2025-01-22 19:00:00+00:00,155.82,139.49,134.49,19,2,1,2025-01-22
2025-01-22 20:00:00+00:00,155.1,127.94,127.78,20,2,1,2025-01-22
2025-01-22 21:00:00+00:00,145.0,129.86,128.09,21,2,1,2025-01-22
2025-01-22 22:00:00+00:00,139.87,116.27,114.68,22,2,1,2025-01-22
2025-01-22 23:00:00+00:00,125.01,114.6,113.7,23,2,1,2025-01-22
2025-01-23 00:00:00+00:00,120.53,109.77,108.88,0,3,1,2025-01-23
2025-01-23 01:00:00+00:00,118.7,105.84,105.58,1,3,1,2025-01-23
2025-01-23 02:00:00+00:00,113.1,100.45,100.01,2,3,1,2025-01-23
2025-01-23 03:00:00+00:00,112.97,98.53,97.59,3,3,1,2025-01-23
2025-01-23 04:00:00+00:00,118.08,101.82,100.01,4,3,1,2025-01-23
2025-01-23 05:00:00+00:00,130.01,113.79,106.41,5,3,1,2025-01-23
2025-01-23 06:00:00+00:00,142.28,142.28,136.6,6,3,1,2025-01-23
2025-01-23 07:00:00+00:00,160.34,160.34,159.03,7,3,1,2025-01-23
2025-01-23 08:00:00+00:00,157.26,157.26,155.42,8,3,1,2025-01-23
2025-01-23 09:00:00+00:00,147.32,135.21,130.94,9,3,1,2025-01-23
2025-01-23 10:00:00+00:00,142.28,123.6,116.1,10,3,1,2025-01-23
2025-01-23 11:00:00+00:00,135.72,104.18,94.93,11,3,1,2025-01-23
2025-01-23 12:00:00+00:00,125.1,98.58,88.56,12,3,1,2025-01-23
2025-01-23 13:00:00+00:00,121.2,95.4,85.86,13,3,1,2025-01-23
2025-01-23 14:00:00+00:00,123.54,100.26,89.8,14,3,1,2025-01-23
2025-01-23 15:00:00+00:00,135.72,100.97,89.87,15,3,1,2025-01-23
2025-01-23 16:00:00+00:00,152.4,115.69,106.75,16,3,1,2025-01-23
2025-01-23 17:00:00+00:00,165.0,121.78,112.0,17,3,1,2025-01-23
2025-01-23 18:00:00+00:00,196.51,114.79,101.87,18,3,1,2025-01-23
2025-01-23 19:00:00+00:00,187.92,98.44,86.36,19,3,1,2025-01-23
2025-01-23 20:00:00+00:00,162.27,84.21,74.28,20,3,1,2025-01-23
2025-01-23 21:00:00+00:00,150.1,85.09,75.68,21,3,1,2025-01-23
2025-01-23 22:00:00+00:00,129.9,65.01,58.23,22,3,1,2025-01-23
2025-01-23 23:00:00+00:00,94.0,75.16,69.03,23,3,1,2025-01-23
2025-01-24 00:00:00+00:00,88.74,63.05,58.16,0,4,1,2025-01-24
2025-01-24 01:00:00+00:00,82.03,48.6,45.05,1,4,1,2025-01-24
2025-01-24 02:00:00+00:00,77.65,44.37,40.6,2,4,1,2025-01-24
2025-01-24 03:00:00+00:00,77.39,16.01,50.17,3,4,1,2025-01-24
2025-01-24 04:00:00+00:00,78.2,30.03,73.2,4,4,1,2025-01-24
2025-01-24 05:00:00+00:00,88.74,64.93,85.44,5,4,1,2025-01-24
2025-01-24 06:00:00+00:00,105.0,104.09,109.16,6,4,1,2025-01-24
2025-01-24 07:00:00+00:00,122.0,105.26,116.23,7,4,1,2025-01-24
2025-01-24 08:00:00+00:00,114.78,97.14,96.34,8,4,1,2025-01-24
2025-01-24 09:00:00+00:00,94.17,93.63,88.9,9,4,1,2025-01-24
2025-01-24 10:00:00+00:00,81.93,81.93,78.44,10,4,1,2025-01-24
2025-01-24 11:00:00+00:00,79.68,79.68,76.48,11,4,1,2025-01-24
2025-01-24 12:00:00+00:00,77.26,77.26,74.69,12,4,1,2025-01-24
2025-01-24 13:00:00+00:00,75.07,75.07,74.51,13,4,1,2025-01-24
2025-01-24 14:00:00+00:00,77.26,77.26,74.51,14,4,1,2025-01-24
2025-01-24 15:00:00+00:00,77.13,77.13,75.25,15,4,1,2025-01-24
2025-01-24 16:00:00+00:00,92.7,92.7,83.02,16,4,1,2025-01-24
2025-01-24 17:00:00+00:00,102.0,99.64,88.59,17,4,1,2025-01-24
2025-01-24 18:00:00+00:00,111.9,101.02,91.78,18,4,1,2025-01-24
2025-01-24 19:00:00+00:00,112.45,93.67,84.99,19,4,1,2025-01-24
2025-01-24 20:00:00+00:00,103.35,87.96,80.79,20,4,1,2025-01-24
2025-01-24 21:00:00+00:00,97.78,96.72,91.97,21,4,1,2025-01-24
2025-01-24 22:00:00+00:00,90.7,90.7,86.29,22,4,1,2025-01-24
2025-01-24 23:00:00+00:00,57.03,57.03,59.04,23,4,1,2025-01-24
2025-01-25 00:00:00+00:00,35.0,35.0,64.96,0,5,1,2025-01-25
2025-01-25 01:00:00+00:00,25.2,25.2,63.55,1,5,1,2025-01-25
2025-01-25 02:00:00+00:00,19.71,19.71,67.17,2,5,1,2025-01-25
2025-01-25 03:00:00+00:00,16.8,16.8,76.77,3,5,1,2025-01-25
2025-01-25 04:00:00+00:00,17.72,17.72,76.89,4,5,1,2025-01-25
2025-01-25 05:00:00+00:00,25.0,25.0,79.32,5,5,1,2025-01-25
2025-01-25 06:00:00+00:00,49.29,49.29,76.89,6,5,1,2025-01-25
2025-01-25 07:00:00+00:00,37.7,55.54,88.99,7,5,1,2025-01-25
2025-01-25 08:00:00+00:00,33.01,73.4,87.31,8,5,1,2025-01-25
2025-01-25 09:00:00+00:00,24.08,60.73,86.32,9,5,1,2025-01-25
2025-01-25 10:00:00+00:00,45.08,63.25,88.15,10,5,1,2025-01-25
2025-01-25 11:00:00+00:00,35.0,70.17,82.55,11,5,1,2025-01-25
2025-01-25 12:00:00+00:00,19.71,76.09,81.98,12,5,1,2025-01-25
2025-01-25 13:00:00+00:00,10.94,55.16,89.0,13,5,1,2025-01-25
2025-01-25 14:00:00+00:00,3.6,45.09,111.07,14,5,1,2025-01-25
2025-01-25 15:00:00+00:00,20.2,53.77,132.97,15,5,1,2025-01-25
2025-01-25 16:00:00+00:00,30.0,85.21,145.85,16,5,1,2025-01-25
2025-01-25 17:00:00+00:00,76.8,118.32,151.0,17,5,1,2025-01-25
2025-01-25 18:00:00+00:00,91.0,120.74,147.53,18,5,1,2025-01-25
2025-01-25 19:00:00+00:00,96.37,96.37,137.6,19,5,1,2025-01-25
2025-01-25 20:00:00+00:00,87.38,87.38,134.61,20,5,1,2025-01-25
2025-01-25 21:00:00+00:00,86.5,86.5,132.26,21,5,1,2025-01-25
2025-01-25 22:00:00+00:00,77.35,81.06,122.03,22,5,1,2025-01-25
2025-01-25 23:00:00+00:00,41.18,60.02,126.21,23,5,1,2025-01-25
2025-01-26 00:00:00+00:00,35.2,61.36,115.79,0,6,1,2025-01-26
2025-01-26 01:00:00+00:00,29.7,29.7,111.3,1,6,1,2025-01-26
2025-01-26 02:00:00+00:00,29.03,49.34,106.85,2,6,1,2025-01-26
2025-01-26 03:00:00+00:00,26.21,26.21,105.43,3,6,1,2025-01-26
2025-01-26 04:00:00+00:00,25.95,33.41,107.86,4,6,1,2025-01-26
2025-01-26 05:00:00+00:00,26.21,44.2,110.6,5,6,1,2025-01-26
2025-01-26 06:00:00+00:00,29.03,47.96,117.62,6,6,1,2025-01-26
2025-01-26 07:00:00+00:00,29.54,29.54,124.17,7,6,1,2025-01-26
2025-01-26 08:00:00+00:00,26.21,26.21,121.97,8,6,1,2025-01-26
2025-01-26 09:00:00+00:00,25.95,25.95,105.51,9,6,1,2025-01-26
2025-01-26 10:00:00+00:00,24.99,79.22,102.57,10,6,1,2025-01-26
2025-01-26 11:00:00+00:00,9.89,84.83,96.73,11,6,1,2025-01-26
2025-01-26 12:00:00+00:00,7.19,29.81,90.02,12,6,1,2025-01-26
2025-01-26 13:00:00+00:00,6.99,14.98,92.52,13,6,1,2025-01-26
2025-01-26 14:00:00+00:00,6.93,13.46,111.63,14,6,1,2025-01-26
2025-01-26 15:00:00+00:00,13.45,13.45,125.92,15,6,1,2025-01-26
2025-01-26 16:00:00+00:00,25.2,25.2,132.77,16,6,1,2025-01-26
2025-01-26 17:00:00+00:00,39.4,51.54,118.94,17,6,1,2025-01-26
2025-01-26 18:00:00+00:00,44.38,44.38,90.32,18,6,1,2025-01-26
2025-01-26 19:00:00+00:00,39.06,39.06,78.93,19,6,1,2025-01-26
2025-01-26 20:00:00+00:00,33.78,33.78,68.26,20,6,1,2025-01-26
2025-01-26 21:00:00+00:00,32.35,32.35,49.25,21,6,1,2025-01-26
2025-01-26 22:00:00+00:00,26.32,26.32,23.89,22,6,1,2025-01-26
2025-01-26 23:00:00+00:00,12.0,15.67,40.14,23,6,1,2025-01-26
2025-01-27 00:00:00+00:00,3.52,7.06,35.26,0,0,1,2025-01-27
2025-01-27 01:00:00+00:00,3.52,13.1,26.38,1,0,1,2025-01-27
2025-01-27 02:00:00+00:00,3.52,3.52,14.07,2,0,1,2025-01-27
2025-01-27 03:00:00+00:00,0.65,0.65,10.1,3,0,1,2025-01-27
2025-01-27 04:00:00+00:00,3.52,4.94,21.52,4,0,1,2025-01-27
2025-01-27 05:00:00+00:00,6.99,19.57,34.1,5,0,1,2025-01-27
2025-01-27 06:00:00+00:00,31.84,31.84,56.99,6,0,1,2025-01-27
2025-01-27 07:00:00+00:00,48.01,48.01,71.76,7,0,1,2025-01-27
2025-01-27 08:00:00+00:00,43.06,43.06,62.96,8,0,1,2025-01-27
2025-01-27 09:00:00+00:00,35.72,35.72,45.57,9,0,1,2025-01-27
2025-01-27 10:00:00+00:00,26.23,32.76,40.11,10,0,1,2025-01-27
2025-01-27 11:00:00+00:00,14.53,32.69,35.66,11,0,1,2025-01-27
2025-01-27 12:00:00+00:00,4.31,33.77,38.37,12,0,1,2025-01-27
2025-01-27 13:00:00+00:00,3.6,22.54,53.95,13,0,1,2025-01-27
2025-01-27 14:00:00+00:00,5.0,19.9,86.79,14,0,1,2025-01-27
2025-01-27 15:00:00+00:00,14.0,22.97,102.46,15,0,1,2025-01-27
2025-01-27 16:00:00+00:00,32.0,55.67,118.56,16,0,1,2025-01-27
2025-01-27 17:00:00+00:00,40.78,57.18,118.67,17,0,1,2025-01-27
2025-01-27 18:00:00+00:00,53.37,57.1,100.05,18,0,1,2025-01-27
2025-01-27 19:00:00+00:00,40.9,40.9,94.07,19,0,1,2025-01-27
2025-01-27 20:00:00+00:00,37.68,37.68,85.08,20,0,1,2025-01-27
2025-01-27 21:00:00+00:00,32.0,32.0,82.26,21,0,1,2025-01-27
2025-01-27 22:00:00+00:00,26.23,26.23,69.28,22,0,1,2025-01-27
2025-01-27 23:00:00+00:00,3.52,16.55,76.92,23,0,1,2025-01-27
2025-01-28 00:00:00+00:00,2.0,9.12,71.53,0,1,1,2025-01-28
2025-01-28 01:00:00+00:00,0.65,4.56,57.33,1,1,1,2025-01-28
2025-01-28 02:00:00+00:00,0.66,5.29,69.28,2,1,1,2025-01-28
2025-01-28 03:00:00+00:00,0.65,0.65,76.92,3,1,1,2025-01-28
2025-01-28 04:00:00+00:00,0.65,0.65,77.59,4,1,1,2025-01-28
2025-01-28 05:00:00+00:00,3.52,16.27,98.22,5,1,1,2025-01-28
2025-01-28 06:00:00+00:00,14.0,39.6,125.45,6,1,1,2025-01-28
2025-01-28 07:00:00+00:00,30.54,61.83,147.5,7,1,1,2025-01-28
2025-01-28 08:00:00+00:00,23.54,58.32,135.3,8,1,1,2025-01-28
2025-01-28 09:00:00+00:00,3.52,23.28,120.53,9,1,1,2025-01-28
2025-01-28 10:00:00+00:00,2.0,29.14,116.34,10,1,1,2025-01-28
2025-01-28 11:00:00+00:00,0.65,41.44,114.75,11,1,1,2025-01-28
2025-01-28 12:00:00+00:00,0.65,25.05,117.39,12,1,1,2025-01-28
2025-01-28 13:00:00+00:00,0.65,23.57,121.33,13,1,1,2025-01-28
2025-01-28 14:00:00+00:00,0.65,25.56,139.91,14,1,1,2025-01-28
2025-01-28 15:00:00+00:00,3.52,30.67,147.0,15,1,1,2025-01-28
2025-01-28 16:00:00+00:00,14.0,31.58,149.6,16,1,1,2025-01-28
2025-01-28 17:00:00+00:00,51.32,51.46,134.94,17,1,1,2025-01-28
2025-01-28 18:00:00+00:00,69.5,69.5,128.9,18,1,1,2025-01-28
2025-01-28 19:00:00+00:00,60.0,60.0,94.76,19,1,1,2025-01-28
2025-01-28 20:00:00+00:00,48.03,48.03,87.26,20,1,1,2025-01-28
2025-01-28 21:00:00+00:00,34.22,34.22,79.8,21,1,1,2025-01-28
2025-01-28 22:00:00+00:00,26.28,26.28,64.43,22,1,1,2025-01-28
2025-01-28 23:00:00+00:00,17.47,27.74,87.72,23,1,1,2025-01-28
2025-01-29 00:00:00+00:00,7.4,25.52,83.39,0,2,1,2025-01-29
2025-01-29 01:00:00+00:00,3.52,15.05,78.16,1,2,1,2025-01-29
2025-01-29 02:00:00+00:00,3.52,3.52,75.64,2,2,1,2025-01-29
2025-01-29 03:00:00+00:00,3.52,3.52,79.01,3,2,1,2025-01-29
2025-01-29 04:00:00+00:00,3.52,3.52,86.98,4,2,1,2025-01-29
2025-01-29 05:00:00+00:00,38.16,38.16,93.14,5,2,1,2025-01-29
2025-01-29 06:00:00+00:00,76.46,76.68,141.42,6,2,1,2025-01-29
2025-01-29 07:00:00+00:00,103.61,103.61,142.54,7,2,1,2025-01-29
2025-01-29 08:00:00+00:00,69.2,69.2,130.45,8,2,1,2025-01-29
2025-01-29 09:00:00+00:00,45.0,45.0,105.05,9,2,1,2025-01-29
2025-01-29 10:00:00+00:00,46.02,46.02,89.25,10,2,1,2025-01-29
2025-01-29 11:00:00+00:00,29.9,72.92,85.0,11,2,1,2025-01-29
2025-01-29 12:00:00+00:00,10.21,75.39,85.53,12,2,1,2025-01-29
2025-01-29 13:00:00+00:00,9.23,75.16,87.67,13,2,1,2025-01-29
2025-01-29 14:00:00+00:00,12.18,85.61,102.75,14,2,1,2025-01-29
2025-01-29 15:00:00+00:00,36.66,102.94,132.66,15,2,1,2025-01-29
2025-01-29 16:00:00+00:00,50.1,147.4,149.57,16,2,1,2025-01-29
2025-01-29 17:00:00+00:00,83.06,140.11,150.09,17,2,1,2025-01-29
2025-01-29 18:00:00+00:00,123.99,146.08,146.3,18,2,1,2025-01-29
2025-01-29 19:00:00+00:00,133.85,134.31,131.95,19,2,1,2025-01-29
2025-01-29 20:00:00+00:00,118.57,118.57,119.65,20,2,1,2025-01-29
2025-01-29 21:00:00+00:00,94.67,99.38,111.99,21,2,1,2025-01-29
2025-01-29 22:00:00+00:00,51.08,91.01,99.33,22,2,1,2025-01-29
2025-01-29 23:00:00+00:00,60.08,66.63,92.41,23,2,1,2025-01-29
2025-01-30 00:00:00+00:00,45.7,65.29,92.43,0,3,1,2025-01-30
2025-01-30 01:00:00+00:00,38.34,72.82,93.33,1,3,1,2025-01-30
2025-01-30 02:00:00+00:00,14.0,39.15,92.95,2,3,1,2025-01-30
2025-01-30 03:00:00+00:00,7.44,30.45,92.43,3,3,1,2025-01-30
2025-01-30 04:00:00+00:00,7.4,55.79,108.65,4,3,1,2025-01-30
2025-01-30 05:00:00+00:00,38.34,93.26,139.83,5,3,1,2025-01-30
2025-01-30 06:00:00+00:00,60.3,135.85,152.64,6,3,1,2025-01-30
2025-01-30 07:00:00+00:00,90.35,160.3,160.3,7,3,1,2025-01-30
2025-01-30 08:00:00+00:00,50.24,143.87,151.51,8,3,1,2025-01-30
2025-01-30 09:00:00+00:00,5.0,134.75,135.09,9,3,1,2025-01-30
2025-01-30 10:00:00+00:00,2.4,123.25,123.25,10,3,1,2025-01-30
2025-01-30 11:00:00+00:00,0.1,115.97,115.89,11,3,1,2025-01-30
2025-01-30 12:00:00+00:00,0.01,113.3,113.3,12,3,1,2025-01-30
2025-01-30 13:00:00+00:00,0.0,110.04,129.41,13,3,1,2025-01-30
2025-01-30 14:00:00+00:00,0.13,103.76,153.22,14,3,1,2025-01-30
2025-01-30 15:00:00+00:00,3.52,97.78,160.87,15,3,1,2025-01-30
2025-01-30 16:00:00+00:00,25.17,115.9,180.36,16,3,1,2025-01-30
2025-01-30 17:00:00+00:00,80.3,143.31,176.58,17,3,1,2025-01-30
2025-01-30 18:00:00+00:00,91.66,161.0,161.28,18,3,1,2025-01-30
2025-01-30 19:00:00+00:00,114.0,138.91,150.2,19,3,1,2025-01-30
2025-01-30 20:00:00+00:00,108.04,125.0,134.17,20,3,1,2025-01-30
2025-01-30 21:00:00+00:00,96.02,122.11,126.46,21,3,1,2025-01-30
2025-01-30 22:00:00+00:00,79.0,120.2,120.2,22,3,1,2025-01-30
2025-01-30 23:00:00+00:00,61.0,120.0,120.0,23,3,1,2025-01-30
2025-01-31 00:00:00+00:00,70.47,113.22,117.08,0,4,1,2025-01-31
2025-01-31 01:00:00+00:00,70.21,112.1,113.89,1,4,1,2025-01-31
2025-01-31 02:00:00+00:00,70.34,100.33,113.12,2,4,1,2025-01-31
2025-01-31 03:00:00+00:00,70.47,102.47,115.98,3,4,1,2025-01-31
2025-01-31 04:00:00+00:00,84.0,111.54,120.74,4,4,1,2025-01-31
2025-01-31 05:00:00+00:00,92.85,120.47,131.87,5,4,1,2025-01-31
2025-01-31 06:00:00+00:00,118.86,143.16,157.97,6,4,1,2025-01-31
2025-01-31 07:00:00+00:00,150.0,163.7,163.7,7,4,1,2025-01-31
2025-01-31 08:00:00+00:00,100.0,154.82,154.82,8,4,1,2025-01-31
2025-01-31 09:00:00+00:00,70.21,130.1,130.1,9,4,1,2025-01-31
2025-01-31 10:00:00+00:00,45.3,126.2,126.2,10,4,1,2025-01-31
2025-01-31 11:00:00+00:00,44.12,120.06,120.06,11,4,1,2025-01-31
2025-01-31 12:00:00+00:00,44.97,121.19,121.19,12,4,1,2025-01-31
2025-01-31 13:00:00+00:00,39.0,116.68,119.76,13,4,1,2025-01-31
2025-01-31 14:00:00+00:00,45.19,111.0,149.87,14,4,1,2025-01-31
2025-01-31 15:00:00+00:00,65.0,111.56,168.26,15,4,1,2025-01-31
2025-01-31 16:00:00+00:00,114.89,121.32,185.26,16,4,1,2025-01-31
2025-01-31 17:00:00+00:00,184.48,184.48,184.48,17,4,1,2025-01-31
2025-01-31 18:00:00+00:00,178.99,178.99,178.99,18,4,1,2025-01-31
2025-01-31 19:00:00+00:00,162.66,162.66,162.66,19,4,1,2025-01-31
2025-01-31 20:00:00+00:00,152.7,152.7,152.7,20,4,1,2025-01-31
2025-01-31 21:00:00+00:00,145.02,145.02,144.31,21,4,1,2025-01-31
2025-01-31 22:00:00+00:00,131.29,131.29,131.41,22,4,1,2025-01-31
2025-01-31 23:00:00+00:00,137.18,137.18,136.93,23,4,1,2025-01-31
2025-02-01 00:00:00+00:00,129.61,129.61,129.42,0,5,2,2025-02-01
2025-02-01 01:00:00+00:00,124.38,124.38,124.24,1,5,2,2025-02-01
2025-02-01 02:00:00+00:00,116.96,116.96,119.12,2,5,2,2025-02-01
2025-02-01 03:00:00+00:00,104.73,104.73,118.86,3,5,2,2025-02-01
2025-02-01 04:00:00+00:00,108.17,108.17,120.54,4,5,2,2025-02-01
2025-02-01 05:00:00+00:00,107.49,124.45,127.1,5,5,2,2025-02-01
2025-02-01 06:00:00+00:00,100.85,144.74,144.74,6,5,2,2025-02-01
2025-02-01 07:00:00+00:00,115.28,153.46,153.46,7,5,2,2025-02-01
2025-02-01 08:00:00+00:00,109.93,142.44,142.44,8,5,2,2025-02-01
2025-02-01 09:00:00+00:00,65.27,128.4,128.4,9,5,2,2025-02-01
2025-02-01 10:00:00+00:00,20.1,120.08,120.08,10,5,2,2025-02-01
2025-02-01 11:00:00+00:00,5.3,110.29,110.29,11,5,2,2025-02-01
2025-02-01 12:00:00+00:00,5.2,103.4,103.4,12,5,2,2025-02-01
2025-02-01 13:00:00+00:00,5.06,113.7,113.7,13,5,2,2025-02-01
2025-02-01 14:00:00+00:00,5.2,113.66,129.49,14,5,2,2025-02-01
2025-02-01 15:00:00+00:00,41.88,124.88,154.43,15,5,2,2025-02-01
2025-02-01 16:00:00+00:00,105.0,132.1,168.27,16,5,2,2025-02-01
2025-02-01 17:00:00+00:00,140.34,155.79,167.51,17,5,2,2025-02-01
2025-02-01 18:00:00+00:00,162.98,162.98,162.98,18,5,2,2025-02-01
2025-02-01 19:00:00+00:00,156.6,156.6,156.6,19,5,2,2025-02-01
2025-02-01 20:00:00+00:00,145.24,145.24,145.24,20,5,2,2025-02-01
2025-02-01 21:00:00+00:00,141.73,141.73,141.73,21,5,2,2025-02-01
2025-02-01 22:00:00+00:00,131.74,131.74,131.74,22,5,2,2025-02-01
2025-02-01 23:00:00+00:00,133.26,133.26,133.26,23,5,2,2025-02-01
2025-02-02 00:00:00+00:00,126.91,126.91,126.91,0,6,2,2025-02-02
2025-02-02 01:00:00+00:00,116.91,122.99,122.99,1,6,2,2025-02-02
2025-02-02 02:00:00+00:00,113.64,120.66,120.66,2,6,2,2025-02-02
2025-02-02 03:00:00+00:00,108.0,122.34,122.34,3,6,2,2025-02-02
2025-02-02 04:00:00+00:00,116.91,123.41,123.41,4,6,2,2025-02-02
2025-02-02 05:00:00+00:00,113.5,128.09,128.09,5,6,2,2025-02-02
2025-02-02 06:00:00+00:00,120.42,135.9,135.9,6,6,2,2025-02-02
2025-02-02 07:00:00+00:00,133.56,137.3,137.3,7,6,2,2025-02-02
2025-02-02 08:00:00+00:00,133.38,137.7,137.7,8,6,2,2025-02-02
2025-02-02 09:00:00+00:00,121.75,130.04,130.04,9,6,2,2025-02-02
2025-02-02 10:00:00+00:00,100.08,129.33,129.33,10,6,2,2025-02-02
2025-02-02 11:00:00+00:00,92.88,122.24,122.24,11,6,2,2025-02-02
2025-02-02 12:00:00+00:00,95.0,111.88,111.88,12,6,2,2025-02-02
2025-02-02 13:00:00+00:00,95.0,110.45,116.42,13,6,2,2025-02-02
2025-02-02 14:00:00+00:00,99.45,103.27,127.97,14,6,2,2025-02-02
2025-02-02 15:00:00+00:00,101.26,101.26,151.21,15,6,2,2025-02-02
2025-02-02 16:00:00+00:00,130.78,132.8,164.03,16,6,2,2025-02-02
2025-02-02 17:00:00+00:00,164.14,164.67,172.49,17,6,2,2025-02-02
2025-02-02 18:00:00+00:00,173.95,173.95,173.95,18,6,2,2025-02-02
2025-02-02 19:00:00+00:00,165.5,165.5,165.5,19,6,2,2025-02-02
2025-02-02 20:00:00+00:00,155.77,155.77,155.77,20,6,2,2025-02-02
2025-02-02 21:00:00+00:00,148.44,148.44,148.44,21,6,2,2025-02-02
2025-02-02 22:00:00+00:00,133.24,133.24,133.24,22,6,2,2025-02-02
2025-02-02 23:00:00+00:00,116.41,129.54,129.54,23,6,2,2025-02-02
2025-02-03 00:00:00+00:00,102.53,126.63,126.63,0,0,2,2025-02-03
2025-02-03 01:00:00+00:00,102.19,124.72,124.72,1,0,2,2025-02-03
2025-02-03 02:00:00+00:00,102.53,120.04,120.04,2,0,2,2025-02-03
2025-02-03 03:00:00+00:00,102.45,123.24,123.24,3,0,2,2025-02-03
2025-02-03 04:00:00+00:00,106.87,127.77,127.77,4,0,2,2025-02-03
2025-02-03 05:00:00+00:00,102.19,159.18,159.18,5,0,2,2025-02-03
2025-02-03 06:00:00+00:00,144.3,207.88,207.88,6,0,2,2025-02-03
2025-02-03 07:00:00+00:00,165.0,243.23,243.23,7,0,2,2025-02-03
2025-02-03 08:00:00+00:00,145.1,178.04,178.04,8,0,2,2025-02-03
2025-02-03 09:00:00+00:00,111.0,149.95,149.95,9,0,2,2025-02-03
2025-02-03 10:00:00+00:00,102.6,126.69,126.05,10,0,2,2025-02-03
2025-02-03 11:00:00+00:00,102.49,117.27,117.27,11,0,2,2025-02-03
2025-02-03 12:00:00+00:00,102.45,115.19,115.29,12,0,2,2025-02-03
2025-02-03 13:00:00+00:00,102.45,122.73,124.18,13,0,2,2025-02-03
2025-02-03 14:00:00+00:00,112.0,135.33,145.86,14,0,2,2025-02-03
2025-02-03 15:00:00+00:00,123.52,135.13,170.71,15,0,2,2025-02-03
2025-02-03 16:00:00+00:00,145.05,170.64,216.0,16,0,2,2025-02-03
2025-02-03 17:00:00+00:00,200.73,200.73,200.73,17,0,2,2025-02-03
2025-02-03 18:00:00+00:00,201.1,201.1,201.1,18,0,2,2025-02-03
2025-02-03 19:00:00+00:00,227.51,167.74,167.74,19,0,2,2025-02-03
2025-02-03 20:00:00+00:00,186.0,153.0,153.0,20,0,2,2025-02-03
2025-02-03 21:00:00+00:00,150.92,144.09,144.23,21,0,2,2025-02-03
2025-02-03 22:00:00+00:00,135.81,135.81,135.81,22,0,2,2025-02-03
2025-02-03 23:00:00+00:00,132.4,132.4,132.4,23,0,2,2025-02-03
2025-02-04 00:00:00+00:00,125.54,125.54,125.54,0,1,2,2025-02-04
2025-02-04 01:00:00+00:00,123.18,123.18,123.18,1,1,2,2025-02-04
2025-02-04 02:00:00+00:00,123.99,123.99,123.99,2,1,2,2025-02-04
2025-02-04 03:00:00+00:00,123.25,123.25,123.25,3,1,2,2025-02-04
2025-02-04 04:00:00+00:00,127.63,127.63,127.63,4,1,2,2025-02-04
2025-02-04 05:00:00+00:00,146.18,151.95,155.42,5,1,2,2025-02-04
2025-02-04 06:00:00+00:00,187.5,187.5,192.24,6,1,2,2025-02-04
2025-02-04 07:00:00+00:00,211.99,211.99,211.99,7,1,2,2025-02-04
2025-02-04 08:00:00+00:00,162.11,163.31,163.31,8,1,2,2025-02-04
2025-02-04 09:00:00+00:00,133.32,136.53,136.53,9,1,2,2025-02-04
2025-02-04 10:00:00+00:00,113.99,127.8,126.57,10,1,2,2025-02-04
2025-02-04 11:00:00+00:00,103.77,122.71,116.89,11,1,2,2025-02-04
2025-02-04 12:00:00+00:00,102.5,113.26,113.17,12,1,2,2025-02-04
2025-02-04 13:00:00+00:00,100.39,120.09,120.09,13,1,2,2025-02-04
2025-02-04 14:00:00+00:00,100.52,124.97,127.47,14,1,2,2025-02-04
2025-02-04 15:00:00+00:00,106.5,122.57,164.81,15,1,2,2025-02-04
2025-02-04 16:00:00+00:00,134.32,134.32,168.99,16,1,2,2025-02-04
2025-02-04 17:00:00+00:00,175.0,175.0,175.0,17,1,2,2025-02-04
2025-02-04 18:00:00+00:00,216.38,173.92,162.04,18,1,2,2025-02-04
2025-02-04 19:00:00+00:00,240.0,152.47,145.01,19,1,2,2025-02-04
2025-02-04 20:00:00+00:00,164.07,132.91,132.43,20,1,2,2025-02-04
2025-02-04 21:00:00+00:00,146.18,140.32,129.42,21,1,2,2025-02-04
2025-02-04 22:00:00+00:00,140.56,137.95,120.62,22,1,2,2025-02-04
2025-02-04 23:00:00+00:00,128.44,128.44,113.34,23,1,2,2025-02-04
2025-02-05 00:00:00+00:00,119.39,119.39,109.67,0,2,2,2025-02-05
2025-02-05 01:00:00+00:00,116.59,116.59,109.4,1,2,2,2025-02-05
2025-02-05 02:00:00+00:00,115.64,115.64,108.18,2,2,2,2025-02-05
2025-02-05 03:00:00+00:00,117.33,117.33,115.17,3,2,2,2025-02-05
2025-02-05 04:00:00+00:00,123.05,123.05,122.42,4,2,2,2025-02-05
2025-02-05 05:00:00+00:00,140.34,140.34,139.81,5,2,2,2025-02-05
2025-02-05 06:00:00+00:00,168.48,168.48,165.32,6,2,2,2025-02-05
2025-02-05 07:00:00+00:00,180.81,180.81,180.81,7,2,2,2025-02-05
2025-02-05 08:00:00+00:00,146.13,159.33,159.33,8,2,2,2025-02-05
2025-02-05 09:00:00+00:00,100.21,143.61,132.19,9,2,2,2025-02-05
2025-02-05 10:00:00+00:00,48.0,137.61,119.96,10,2,2,2025-02-05
2025-02-05 11:00:00+00:00,30.3,129.14,115.46,11,2,2,2025-02-05
2025-02-05 12:00:00+00:00,35.2,124.95,118.8,12,2,2,2025-02-05
2025-02-05 13:00:00+00:00,30.0,128.85,128.85,13,2,2,2025-02-05
2025-02-05 14:00:00+00:00,40.0,144.12,144.12,14,2,2,2025-02-05
2025-02-05 15:00:00+00:00,69.99,150.04,160.58,15,2,2,2025-02-05
2025-02-05 16:00:00+00:00,124.71,174.07,177.19,16,2,2,2025-02-05
2025-02-05 17:00:00+00:00,189.9,189.9,189.9,17,2,2,2025-02-05
2025-02-05 18:00:00+00:00,189.63,189.63,189.63,18,2,2,2025-02-05
2025-02-05 19:00:00+00:00,170.0,170.0,170.0,19,2,2,2025-02-05
2025-02-05 20:00:00+00:00,155.42,155.42,155.42,20,2,2,2025-02-05
2025-02-05 21:00:00+00:00,143.7,143.7,143.7,21,2,2,2025-02-05
2025-02-05 22:00:00+00:00,136.95,136.95,133.21,22,2,2,2025-02-05
2025-02-05 23:00:00+00:00,133.67,133.67,133.67,23,2,2,2025-02-05
2025-02-06 00:00:00+00:00,131.51,131.51,129.57,0,3,2,2025-02-06
2025-02-06 01:00:00+00:00,126.48,126.48,125.87,1,3,2,2025-02-06
2025-02-06 02:00:00+00:00,125.01,125.01,125.0,2,3,2,2025-02-06
2025-02-06 03:00:00+00:00,125.01,125.01,125.01,3,3,2,2025-02-06
2025-02-06 04:00:00+00:00,131.33,131.33,135.28,4,3,2,2025-02-06
2025-02-06 05:00:00+00:00,144.92,144.92,156.12,5,3,2,2025-02-06
2025-02-06 06:00:00+00:00,180.09,180.09,180.09,6,3,2,2025-02-06
2025-02-06 07:00:00+00:00,210.56,210.56,219.42,7,3,2,2025-02-06
2025-02-06 08:00:00+00:00,157.59,177.44,178.99,8,3,2,2025-02-06
2025-02-06 09:00:00+00:00,115.97,158.82,160.14,9,3,2,2025-02-06
2025-02-06 10:00:00+00:00,93.49,142.89,152.56,10,3,2,2025-02-06
2025-02-06 11:00:00+00:00,91.5,136.27,147.89,11,3,2,2025-02-06
2025-02-06 12:00:00+00:00,89.99,131.06,145.48,12,3,2,2025-02-06
2025-02-06 13:00:00+00:00,85.3,115.25,137.79,13,3,2,2025-02-06
2025-02-06 14:00:00+00:00,87.0,119.17,150.8,14,3,2,2025-02-06
2025-02-06 15:00:00+00:00,108.56,123.44,164.89,15,3,2,2025-02-06
2025-02-06 16:00:00+00:00,141.02,141.02,171.59,16,3,2,2025-02-06
2025-02-06 17:00:00+00:00,170.78,170.78,170.48,17,3,2,2025-02-06
2025-02-06 18:00:00+00:00,191.81,163.65,162.95,18,3,2,2025-02-06
2025-02-06 19:00:00+00:00,231.0,143.52,141.33,19,3,2,2025-02-06
2025-02-06 20:00:00+00:00,163.0,133.16,131.26,20,3,2,2025-02-06
2025-02-06 21:00:00+00:00,149.86,134.89,134.0,21,3,2,2025-02-06
2025-02-06 22:00:00+00:00,141.02,121.95,121.95,22,3,2,2025-02-06
2025-02-06 23:00:00+00:00,126.05,126.05,126.05,23,3,2,2025-02-06
2025-02-07 00:00:00+00:00,112.7,112.7,112.7,0,4,2,2025-02-07
2025-02-07 01:00:00+00:00,108.82,108.82,108.82,1,4,2,2025-02-07
2025-02-07 02:00:00+00:00,105.0,105.0,105.0,2,4,2,2025-02-07
2025-02-07 03:00:00+00:00,105.85,105.85,104.81,3,4,2,2025-02-07
2025-02-07 04:00:00+00:00,107.23,107.23,105.07,4,4,2,2025-02-07
2025-02-07 05:00:00+00:00,118.01,119.0,112.39,5,4,2,2025-02-07
2025-02-07 06:00:00+00:00,145.68,145.68,141.66,6,4,2,2025-02-07
2025-02-07 07:00:00+00:00,164.3,164.3,164.21,7,4,2,2025-02-07
2025-02-07 08:00:00+00:00,143.28,150.37,150.36,8,4,2,2025-02-07
2025-02-07 09:00:00+00:00,107.0,138.4,133.88,9,4,2,2025-02-07
2025-02-07 10:00:00+00:00,99.0,130.63,115.14,10,4,2,2025-02-07
2025-02-07 11:00:00+00:00,93.49,128.08,111.49,11,4,2,2025-02-07
2025-02-07 12:00:00+00:00,90.34,119.02,106.77,12,4,2,2025-02-07
2025-02-07 13:00:00+00:00,87.89,119.98,109.59,13,4,2,2025-02-07
2025-02-07 14:00:00+00:00,90.34,122.43,111.68,14,4,2,2025-02-07
2025-02-07 15:00:00+00:00,91.0,130.98,126.61,15,4,2,2025-02-07
2025-02-07 16:00:00+00:00,107.94,145.45,142.85,16,4,2,2025-02-07
2025-02-07 17:00:00+00:00,141.26,151.01,149.05,17,4,2,2025-02-07
2025-02-07 18:00:00+00:00,150.93,150.93,144.32,18,4,2,2025-02-07
2025-02-07 19:00:00+00:00,145.36,145.36,126.93,19,4,2,2025-02-07
2025-02-07 20:00:00+00:00,133.8,133.8,100.0,20,4,2,2025-02-07
2025-02-07 21:00:00+00:00,133.06,133.06,98.72,21,4,2,2025-02-07
2025-02-07 22:00:00+00:00,120.55,120.55,100.14,22,4,2,2025-02-07
2025-02-07 23:00:00+00:00,106.74,106.74,81.34,23,4,2,2025-02-07
2025-02-08 00:00:00+00:00,97.67,97.67,84.85,0,5,2,2025-02-08
2025-02-08 01:00:00+00:00,89.5,89.5,85.8,1,5,2,2025-02-08
2025-02-08 02:00:00+00:00,94.34,94.34,87.08,2,5,2,2025-02-08
2025-02-08 03:00:00+00:00,89.69,89.69,89.69,3,5,2,2025-02-08
2025-02-08 04:00:00+00:00,90.99,90.99,90.99,4,5,2,2025-02-08
2025-02-08 05:00:00+00:00,97.15,97.15,90.8,5,5,2,2025-02-08
2025-02-08 06:00:00+00:00,115.0,115.0,95.31,6,5,2,2025-02-08
2025-02-08 07:00:00+00:00,119.08,119.08,111.11,7,5,2,2025-02-08
2025-02-08 08:00:00+00:00,108.0,125.01,92.68,8,5,2,2025-02-08
2025-02-08 09:00:00+00:00,82.0,121.84,79.42,9,5,2,2025-02-08
2025-02-08 10:00:00+00:00,93.49,123.13,68.75,10,5,2,2025-02-08
2025-02-08 11:00:00+00:00,64.0,125.4,67.71,11,5,2,2025-02-08
2025-02-08 12:00:00+00:00,55.0,111.47,79.85,12,5,2,2025-02-08
2025-02-08 13:00:00+00:00,50.0,107.28,89.85,13,5,2,2025-02-08
2025-02-08 14:00:00+00:00,45.04,118.0,118.0,14,5,2,2025-02-08
2025-02-08 15:00:00+00:00,68.71,141.55,140.87,15,5,2,2025-02-08
2025-02-08 16:00:00+00:00,119.0,150.96,150.0,16,5,2,2025-02-08
2025-02-08 17:00:00+00:00,160.49,160.49,160.49,17,5,2,2025-02-08
2025-02-08 18:00:00+00:00,166.9,166.9,161.1,18,5,2,2025-02-08
2025-02-08 19:00:00+00:00,164.04,164.04,156.42,19,5,2,2025-02-08
2025-02-08 20:00:00+00:00,151.09,149.0,149.0,20,5,2,2025-02-08
2025-02-08 21:00:00+00:00,149.1,149.1,144.0,21,5,2,2025-02-08
2025-02-08 22:00:00+00:00,145.31,145.31,136.31,22,5,2,2025-02-08
2025-02-08 23:00:00+00:00,129.97,135.0,135.0,23,5,2,2025-02-08
2025-02-09 00:00:00+00:00,110.82,137.56,134.51,0,6,2,2025-02-09
2025-02-09 01:00:00+00:00,101.86,137.56,130.18,1,6,2,2025-02-09
2025-02-09 02:00:00+00:00,97.0,119.3,119.3,2,6,2,2025-02-09
2025-02-09 03:00:00+00:00,90.0,116.87,116.79,3,6,2,2025-02-09
2025-02-09 04:00:00+00:00,90.2,117.0,117.0,4,6,2,2025-02-09
2025-02-09 05:00:00+00:00,99.0,117.0,117.0,5,6,2,2025-02-09
2025-02-09 06:00:00+00:00,110.21,133.43,133.43,6,6,2,2025-02-09
2025-02-09 07:00:00+00:00,110.47,136.77,136.77,7,6,2,2025-02-09
2025-02-09 08:00:00+00:00,94.47,125.0,123.97,8,6,2,2025-02-09
2025-02-09 09:00:00+00:00,74.85,121.61,114.79,9,6,2,2025-02-09
2025-02-09 10:00:00+00:00,66.7,122.01,105.65,10,6,2,2025-02-09
2025-02-09 11:00:00+00:00,64.0,140.32,98.71,11,6,2,2025-02-09
2025-02-09 12:00:00+00:00,70.0,120.09,95.53,12,6,2,2025-02-09
2025-02-09 13:00:00+00:00,70.0,109.9,109.9,13,6,2,2025-02-09
2025-02-09 14:00:00+00:00,70.0,120.4,120.4,14,6,2,2025-02-09
2025-02-09 15:00:00+00:00,94.31,142.64,141.96,15,6,2,2025-02-09
2025-02-09 16:00:00+00:00,111.14,149.54,148.58,16,6,2,2025-02-09
2025-02-09 17:00:00+00:00,162.96,162.96,161.93,17,6,2,2025-02-09
2025-02-09 18:00:00+00:00,169.86,169.86,156.13,18,6,2,2025-02-09
2025-02-09 19:00:00+00:00,187.99,155.01,150.65,19,6,2,2025-02-09
2025-02-09 20:00:00+00:00,170.14,143.05,142.92,20,6,2,2025-02-09
2025-02-09 21:00:00+00:00,150.3,143.0,143.0,21,6,2,2025-02-09
2025-02-09 22:00:00+00:00,134.04,134.04,127.97,22,6,2,2025-02-09
2025-02-09 23:00:00+00:00,124.35,124.35,118.58,23,6,2,2025-02-09
2025-02-10 00:00:00+00:00,125.05,125.05,111.82,0,0,2,2025-02-10
2025-02-10 01:00:00+00:00,122.01,122.01,109.22,1,0,2,2025-02-10
2025-02-10 02:00:00+00:00,114.75,114.75,106.29,2,0,2,2025-02-10
2025-02-10 03:00:00+00:00,114.48,114.48,105.85,3,0,2,2025-02-10
2025-02-10 04:00:00+00:00,119.98,119.98,112.0,4,0,2,2025-02-10
2025-02-10 05:00:00+00:00,145.78,145.78,145.38,5,0,2,2025-02-10
2025-02-10 06:00:00+00:00,166.14,166.14,162.02,6,0,2,2025-02-10
2025-02-10 07:00:00+00:00,181.36,181.36,181.36,7,0,2,2025-02-10
2025-02-10 08:00:00+00:00,163.18,163.18,163.18,8,0,2,2025-02-10
2025-02-10 09:00:00+00:00,146.02,157.02,135.9,9,0,2,2025-02-10
2025-02-10 10:00:00+00:00,117.44,155.0,115.28,10,0,2,2025-02-10
2025-02-10 11:00:00+00:00,115.61,147.84,109.36,11,0,2,2025-02-10
2025-02-10 12:00:00+00:00,116.52,135.21,109.74,12,0,2,2025-02-10
2025-02-10 13:00:00+00:00,112.5,126.71,123.07,13,0,2,2025-02-10
2025-02-10 14:00:00+00:00,116.8,132.95,128.54,14,0,2,2025-02-10
2025-02-10 15:00:00+00:00,116.79,137.17,133.58,15,0,2,2025-02-10
2025-02-10 16:00:00+00:00,140.83,140.83,133.82,16,0,2,2025-02-10
2025-02-10 17:00:00+00:00,166.34,166.34,142.11,17,0,2,2025-02-10
2025-02-10 18:00:00+00:00,183.73,183.73,114.85,18,0,2,2025-02-10
2025-02-10 19:00:00+00:00,200.0,164.57,94.37,19,0,2,2025-02-10
2025-02-10 20:00:00+00:00,160.89,153.4,91.48,20,0,2,2025-02-10
2025-02-10 21:00:00+00:00,151.69,151.69,88.87,21,0,2,2025-02-10
2025-02-10 22:00:00+00:00,131.51,131.51,87.38,22,0,2,2025-02-10
2025-02-10 23:00:00+00:00,120.0,120.0,77.45,23,0,2,2025-02-10
2025-02-11 00:00:00+00:00,120.0,120.0,71.1,0,1,2,2025-02-11
2025-02-11 01:00:00+00:00,114.65,114.65,71.62,1,1,2,2025-02-11
2025-02-11 02:00:00+00:00,109.91,109.91,74.89,2,1,2,2025-02-11
2025-02-11 03:00:00+00:00,106.01,106.01,77.45,3,1,2,2025-02-11
2025-02-11 04:00:00+00:00,107.0,114.53,87.44,4,1,2,2025-02-11
2025-02-11 05:00:00+00:00,120.13,120.13,100.46,5,1,2,2025-02-11
2025-02-11 06:00:00+00:00,150.79,150.79,134.93,6,1,2,2025-02-11
2025-02-11 07:00:00+00:00,159.06,159.06,155.53,7,1,2,2025-02-11
2025-02-11 08:00:00+00:00,146.54,153.74,141.42,8,1,2,2025-02-11
2025-02-11 09:00:00+00:00,120.62,154.01,96.65,9,1,2,2025-02-11
2025-02-11 10:00:00+00:00,120.62,147.09,92.78,10,1,2,2025-02-11
2025-02-11 11:00:00+00:00,109.99,139.97,97.68,11,1,2,2025-02-11
2025-02-11 12:00:00+00:00,107.5,134.89,111.11,12,1,2,2025-02-11
2025-02-11 13:00:00+00:00,110.0,131.96,123.46,13,1,2,2025-02-11
2025-02-11 14:00:00+00:00,111.7,144.96,143.69,14,1,2,2025-02-11
2025-02-11 15:00:00+00:00,120.62,146.82,144.47,15,1,2,2025-02-11
2025-02-11 16:00:00+00:00,146.54,162.43,159.97,16,1,2,2025-02-11
2025-02-11 17:00:00+00:00,174.57,174.57,168.19,17,1,2,2025-02-11
2025-02-11 18:00:00+00:00,190.0,190.0,167.45,18,1,2,2025-02-11
2025-02-11 19:00:00+00:00,194.5,171.45,162.63,19,1,2,2025-02-11
2025-02-11 20:00:00+00:00,158.02,153.77,148.75,20,1,2,2025-02-11
2025-02-11 21:00:00+00:00,146.38,146.38,142.95,21,1,2,2025-02-11
2025-02-11 22:00:00+00:00,130.58,130.58,128.24,22,1,2,2025-02-11
2025-02-11 23:00:00+00:00,121.06,130.0,129.13,23,1,2,2025-02-11
2025-02-12 00:00:00+00:00,110.0,127.87,127.77,0,2,2,2025-02-12
2025-02-12 01:00:00+00:00,105.0,126.82,126.82,1,2,2,2025-02-12
2025-02-12 02:00:00+00:00,107.35,126.59,126.59,2,2,2,2025-02-12
2025-02-12 03:00:00+00:00,104.5,128.74,128.74,3,2,2,2025-02-12
2025-02-12 04:00:00+00:00,108.56,131.62,131.24,4,2,2,2025-02-12
2025-02-12 05:00:00+00:00,115.0,146.24,151.13,5,2,2,2025-02-12
2025-02-12 06:00:00+00:00,157.55,163.65,163.64,6,2,2,2025-02-12
2025-02-12 07:00:00+00:00,180.0,180.0,180.0,7,2,2,2025-02-12
2025-02-12 08:00:00+00:00,148.82,174.92,174.92,8,2,2,2025-02-12
2025-02-12 09:00:00+00:00,107.35,163.22,162.05,9,2,2,2025-02-12
2025-02-12 10:00:00+00:00,82.5,150.56,144.01,10,2,2,2025-02-12
2025-02-12 11:00:00+00:00,70.0,141.19,137.28,11,2,2,2025-02-12
2025-02-12 12:00:00+00:00,78.0,143.65,142.03,12,2,2,2025-02-12
2025-02-12 13:00:00+00:00,63.74,150.79,149.4,13,2,2,2025-02-12
2025-02-12 14:00:00+00:00,62.0,161.38,159.67,14,2,2,2025-02-12
2025-02-12 15:00:00+00:00,81.5,167.33,173.21,15,2,2,2025-02-12
2025-02-12 16:00:00+00:00,104.37,165.38,184.59,16,2,2,2025-02-12
2025-02-12 17:00:00+00:00,148.34,200.01,197.13,17,2,2,2025-02-12
2025-02-12 18:00:00+00:00,194.44,194.44,192.57,18,2,2,2025-02-12
2025-02-12 19:00:00+00:00,177.52,177.52,173.9,19,2,2,2025-02-12
2025-02-12 20:00:00+00:00,157.55,157.55,155.78,20,2,2,2025-02-12
2025-02-12 21:00:00+00:00,152.08,152.08,150.38,21,2,2,2025-02-12
2025-02-12 22:00:00+00:00,139.41,143.24,141.81,22,2,2,2025-02-12
2025-02-12 23:00:00+00:00,129.0,129.0,140.33,23,2,2,2025-02-12
2025-02-13 00:00:00+00:00,121.06,121.06,137.75,0,3,2,2025-02-13
2025-02-13 01:00:00+00:00,126.09,131.77,140.79,1,3,2,2025-02-13
2025-02-13 02:00:00+00:00,118.59,118.59,136.59,2,3,2,2025-02-13
2025-02-13 03:00:00+00:00,114.3,114.3,140.0,3,3,2,2025-02-13
2025-02-13 04:00:00+00:00,105.67,123.81,142.0,4,3,2,2025-02-13
2025-02-13 05:00:00+00:00,131.34,135.9,159.99,5,3,2,2025-02-13
2025-02-13 06:00:00+00:00,160.05,160.05,190.33,6,3,2,2025-02-13
2025-02-13 07:00:00+00:00,195.2,195.2,222.36,7,3,2,2025-02-13
2025-02-13 08:00:00+00:00,148.5,169.36,220.05,8,3,2,2025-02-13
2025-02-13 09:00:00+00:00,100.0,163.94,203.89,9,3,2,2025-02-13
2025-02-13 10:00:00+00:00,92.24,156.06,184.68,10,3,2,2025-02-13
2025-02-13 11:00:00+00:00,90.86,149.06,174.52,11,3,2,2025-02-13
2025-02-13 12:00:00+00:00,83.5,141.94,170.1,12,3,2,2025-02-13
2025-02-13 13:00:00+00:00,80.0,144.8,166.7,13,3,2,2025-02-13
2025-02-13 14:00:00+00:00,83.5,143.35,170.1,14,3,2,2025-02-13
2025-02-13 15:00:00+00:00,92.5,144.42,182.0,15,3,2,2025-02-13
2025-02-13 16:00:00+00:00,127.5,156.8,213.05,16,3,2,2025-02-13
2025-02-13 17:00:00+00:00,186.96,186.96,207.17,17,3,2,2025-02-13
2025-02-13 18:00:00+00:00,196.52,196.52,196.52,18,3,2,2025-02-13
2025-02-13 19:00:00+00:00,200.0,177.12,177.03,19,3,2,2025-02-13
2025-02-13 20:00:00+00:00,168.0,162.92,162.92,20,3,2,2025-02-13
2025-02-13 21:00:00+00:00,153.12,153.12,153.12,21,3,2,2025-02-13
2025-02-13 22:00:00+00:00,139.0,139.0,138.97,22,3,2,2025-02-13
2025-02-13 23:00:00+00:00,128.76,128.76,139.21,23,3,2,2025-02-13
2025-02-14 00:00:00+00:00,127.0,132.45,132.8,0,4,2,2025-02-14
2025-02-14 01:00:00+00:00,117.56,124.57,128.5,1,4,2,2025-02-14
2025-02-14 02:00:00+00:00,111.58,113.86,127.65,2,4,2,2025-02-14
2025-02-14 03:00:00+00:00,107.0,114.45,129.58,3,4,2,2025-02-14
2025-02-14 04:00:00+00:00,117.47,127.38,139.59,4,4,2,2025-02-14
2025-02-14 05:00:00+00:00,131.21,131.21,162.89,5,4,2,2025-02-14
2025-02-14 06:00:00+00:00,158.73,158.73,227.08,6,4,2,2025-02-14
2025-02-14 07:00:00+00:00,189.79,189.79,265.64,7,4,2,2025-02-14
2025-02-14 08:00:00+00:00,131.21,179.27,215.11,8,4,2,2025-02-14
2025-02-14 09:00:00+00:00,92.9,167.01,181.03,9,4,2,2025-02-14
2025-02-14 10:00:00+00:00,70.0,145.23,163.01,10,4,2,2025-02-14
2025-02-14 11:00:00+00:00,60.3,145.01,149.86,11,4,2,2025-02-14
2025-02-14 12:00:00+00:00,65.0,129.07,148.61,12,4,2,2025-02-14
2025-02-14 13:00:00+00:00,55.0,125.16,155.8,13,4,2,2025-02-14
2025-02-14 14:00:00+00:00,55.0,124.86,175.06,14,4,2,2025-02-14
2025-02-14 15:00:00+00:00,65.0,140.1,200.0,15,4,2,2025-02-14
2025-02-14 16:00:00+00:00,114.0,150.62,298.91,16,4,2,2025-02-14
2025-02-14 17:00:00+00:00,169.84,185.0,293.06,17,4,2,2025-02-14
2025-02-14 18:00:00+00:00,201.66,201.66,225.7,18,4,2,2025-02-14
2025-02-14 19:00:00+00:00,183.55,183.55,183.55,19,4,2,2025-02-14
2025-02-14 20:00:00+00:00,160.06,160.06,163.79,20,4,2,2025-02-14
2025-02-14 21:00:00+00:00,153.0,153.0,153.0,21,4,2,2025-02-14
2025-02-14 22:00:00+00:00,140.03,140.03,140.03,22,4,2,2025-02-14
2025-02-14 23:00:00+00:00,122.58,122.58,135.29,23,4,2,2025-02-14
2025-02-15 00:00:00+00:00,117.99,117.99,130.34,0,5,2,2025-02-15
2025-02-15 01:00:00+00:00,105.67,111.31,120.0,1,5,2,2025-02-15
2025-02-15 02:00:00+00:00,100.11,102.34,118.24,2,5,2,2025-02-15
2025-02-15 03:00:00+00:00,100.11,100.11,118.45,3,5,2,2025-02-15
2025-02-15 04:00:00+00:00,100.11,102.64,120.37,4,5,2,2025-02-15
2025-02-15 05:00:00+00:00,100.11,110.62,133.74,5,5,2,2025-02-15
2025-02-15 06:00:00+00:00,106.64,129.22,148.58,6,5,2,2025-02-15
2025-02-15 07:00:00+00:00,104.99,136.06,150.67,7,5,2,2025-02-15
2025-02-15 08:00:00+00:00,90.61,136.05,137.01,8,5,2,2025-02-15
2025-02-15 09:00:00+00:00,71.0,124.59,124.59,9,5,2,2025-02-15
2025-02-15 10:00:00+00:00,55.44,118.36,118.36,10,5,2,2025-02-15
2025-02-15 11:00:00+00:00,40.08,112.39,112.39,11,5,2,2025-02-15
2025-02-15 12:00:00+00:00,33.0,110.01,110.01,12,5,2,2025-02-15
2025-02-15 13:00:00+00:00,25.46,107.92,116.15,13,5,2,2025-02-15
2025-02-15 14:00:00+00:00,33.0,105.47,128.83,14,5,2,2025-02-15
2025-02-15 15:00:00+00:00,50.24,111.83,145.89,15,5,2,2025-02-15
2025-02-15 16:00:00+00:00,75.0,128.68,164.54,16,5,2,2025-02-15
2025-02-15 17:00:00+00:00,110.0,149.91,174.7,17,5,2,2025-02-15
2025-02-15 18:00:00+00:00,131.51,158.09,164.76,18,5,2,2025-02-15
2025-02-15 19:00:00+00:00,131.51,131.51,149.65,19,5,2,2025-02-15
2025-02-15 20:00:00+00:00,125.0,125.0,128.31,20,5,2,2025-02-15
2025-02-15 21:00:00+00:00,123.06,127.91,132.37,21,5,2,2025-02-15
2025-02-15 22:00:00+00:00,117.14,125.3,124.54,22,5,2,2025-02-15
2025-02-15 23:00:00+00:00,99.0,134.11,134.11,23,5,2,2025-02-15
2025-02-16 00:00:00+00:00,89.76,128.9,128.9,0,6,2,2025-02-16
2025-02-16 01:00:00+00:00,91.78,123.57,123.57,1,6,2,2025-02-16
2025-02-16 02:00:00+00:00,93.29,119.9,119.9,2,6,2,2025-02-16
2025-02-16 03:00:00+00:00,89.5,119.57,119.57,3,6,2,2025-02-16
2025-02-16 04:00:00+00:00,90.3,120.24,120.18,4,6,2,2025-02-16
2025-02-16 05:00:00+00:00,98.05,120.25,119.92,5,6,2,2025-02-16
2025-02-16 06:00:00+00:00,106.64,128.06,127.51,6,6,2,2025-02-16
2025-02-16 07:00:00+00:00,105.59,129.14,129.6,7,6,2,2025-02-16
2025-02-16 08:00:00+00:00,74.5,129.59,130.49,8,6,2,2025-02-16
2025-02-16 09:00:00+00:00,61.4,123.39,127.7,9,6,2,2025-02-16
2025-02-16 10:00:00+00:00,50.24,115.79,124.03,10,6,2,2025-02-16
2025-02-16 11:00:00+00:00,39.75,120.62,124.67,11,6,2,2025-02-16
2025-02-16 12:00:00+00:00,33.9,105.48,118.77,12,6,2,2025-02-16
2025-02-16 13:00:00+00:00,20.0,100.88,121.02,13,6,2,2025-02-16
2025-02-16 14:00:00+00:00,12.0,97.51,129.55,14,6,2,2025-02-16
2025-02-16 15:00:00+00:00,40.3,107.21,137.68,15,6,2,2025-02-16
2025-02-16 16:00:00+00:00,74.37,120.08,153.98,16,6,2,2025-02-16
2025-02-16 17:00:00+00:00,122.99,139.08,169.98,17,6,2,2025-02-16
2025-02-16 18:00:00+00:00,161.56,161.56,160.29,18,6,2,2025-02-16
2025-02-16 19:00:00+00:00,154.95,154.95,153.72,19,6,2,2025-02-16
2025-02-16 20:00:00+00:00,138.77,138.77,139.34,20,6,2,2025-02-16
2025-02-16 21:00:00+00:00,137.12,137.12,137.62,21,6,2,2025-02-16
2025-02-16 22:00:00+00:00,131.51,131.51,131.51,22,6,2,2025-02-16
2025-02-16 23:00:00+00:00,127.87,127.87,128.05,23,6,2,2025-02-16
2025-02-17 00:00:00+00:00,121.06,121.06,121.06,0,0,2,2025-02-17
2025-02-17 01:00:00+00:00,120.34,120.34,120.34,1,0,2,2025-02-17
2025-02-17 02:00:00+00:00,115.97,115.97,125.52,2,0,2,2025-02-17
2025-02-17 03:00:00+00:00,116.23,116.23,128.94,3,0,2,2025-02-17
2025-02-17 04:00:00+00:00,121.21,121.21,131.54,4,0,2,2025-02-17
2025-02-17 05:00:00+00:00,130.0,141.19,153.16,5,0,2,2025-02-17
2025-02-17 06:00:00+00:00,204.74,204.74,204.74,6,0,2,2025-02-17
2025-02-17 07:00:00+00:00,209.79,209.79,209.79,7,0,2,2025-02-17
2025-02-17 08:00:00+00:00,139.36,171.3,171.3,8,0,2,2025-02-17
2025-02-17 09:00:00+00:00,120.58,139.67,139.67,9,0,2,2025-02-17
2025-02-17 10:00:00+00:00,117.26,117.26,117.19,10,0,2,2025-02-17
2025-02-17 11:00:00+00:00,109.9,109.9,109.47,11,0,2,2025-02-17
2025-02-17 12:00:00+00:00,100.0,106.84,106.78,12,0,2,2025-02-17
2025-02-17 13:00:00+00:00,98.97,112.31,111.89,13,0,2,2025-02-17
2025-02-17 14:00:00+00:00,100.0,119.28,132.27,14,0,2,2025-02-17
2025-02-17 15:00:00+00:00,110.97,133.15,158.96,15,0,2,2025-02-17
2025-02-17 16:00:00+00:00,130.0,155.85,222.92,16,0,2,2025-02-17
2025-02-17 17:00:00+00:00,180.0,213.34,271.0,17,0,2,2025-02-17
2025-02-17 18:00:00+00:00,215.52,215.52,215.36,18,0,2,2025-02-17
2025-02-17 19:00:00+00:00,200.0,178.0,177.86,19,0,2,2025-02-17
2025-02-17 20:00:00+00:00,155.62,155.62,155.19,20,0,2,2025-02-17
2025-02-17 21:00:00+00:00,140.0,140.0,139.39,21,0,2,2025-02-17
2025-02-17 22:00:00+00:00,130.6,130.6,129.57,22,0,2,2025-02-17
2025-02-17 23:00:00+00:00,103.84,133.29,132.95,23,0,2,2025-02-17
2025-02-18 00:00:00+00:00,87.5,125.18,125.0,0,1,2,2025-02-18
2025-02-18 01:00:00+00:00,75.2,123.92,123.56,1,1,2,2025-02-18
2025-02-18 02:00:00+00:00,64.98,114.03,117.11,2,1,2,2025-02-18
2025-02-18 03:00:00+00:00,59.4,111.81,115.66,3,1,2,2025-02-18
2025-02-18 04:00:00+00:00,60.01,118.5,121.93,4,1,2,2025-02-18
2025-02-18 05:00:00+00:00,65.24,129.6,143.61,5,1,2,2025-02-18
2025-02-18 06:00:00+00:00,101.0,170.8,190.34,6,1,2,2025-02-18
2025-02-18 07:00:00+00:00,109.11,193.8,193.8,7,1,2,2025-02-18
2025-02-18 08:00:00+00:00,80.0,144.73,143.53,8,1,2,2025-02-18
2025-02-18 09:00:00+00:00,65.37,125.87,124.24,9,1,2,2025-02-18
2025-02-18 10:00:00+00:00,49.6,111.75,109.71,10,1,2,2025-02-18
2025-02-18 11:00:00+00:00,15.36,100.69,96.41,11,1,2,2025-02-18
2025-02-18 12:00:00+00:00,7.03,94.11,88.53,12,1,2,2025-02-18
2025-02-18 13:00:00+00:00,9.99,102.96,98.35,13,1,2,2025-02-18
2025-02-18 14:00:00+00:00,26.1,113.76,110.0,14,1,2,2025-02-18
2025-02-18 15:00:00+00:00,60.01,124.68,128.16,15,1,2,2025-02-18
2025-02-18 16:00:00+00:00,80.82,138.32,177.61,16,1,2,2025-02-18
2025-02-18 17:00:00+00:00,115.0,168.49,174.32,17,1,2,2025-02-18
2025-02-18 18:00:00+00:00,159.88,159.88,155.91,18,1,2,2025-02-18
2025-02-18 19:00:00+00:00,144.4,144.4,142.42,19,1,2,2025-02-18
2025-02-18 20:00:00+00:00,133.54,133.54,129.41,20,1,2,2025-02-18
2025-02-18 21:00:00+00:00,124.02,124.02,121.9,21,1,2,2025-02-18
2025-02-18 22:00:00+00:00,116.23,116.23,114.45,22,1,2,2025-02-18
2025-02-18 23:00:00+00:00,106.48,106.48,104.54,23,1,2,2025-02-18
2025-02-19 00:00:00+00:00,101.18,101.18,99.29,0,2,2,2025-02-19
2025-02-19 01:00:00+00:00,101.3,101.3,99.6,1,2,2,2025-02-19
2025-02-19 02:00:00+00:00,99.0,99.0,97.29,2,2,2,2025-02-19
2025-02-19 03:00:00+00:00,96.06,96.06,94.5,3,2,2,2025-02-19
2025-02-19 04:00:00+00:00,101.83,101.83,97.48,4,2,2,2025-02-19
2025-02-19 05:00:00+00:00,120.18,120.18,115.0,5,2,2,2025-02-19
2025-02-19 06:00:00+00:00,149.5,149.5,149.5,6,2,2,2025-02-19
2025-02-19 07:00:00+00:00,167.39,167.39,166.37,7,2,2,2025-02-19
2025-02-19 08:00:00+00:00,133.73,133.73,128.76,8,2,2,2025-02-19
2025-02-19 09:00:00+00:00,114.37,114.37,107.91,9,2,2,2025-02-19
2025-02-19 10:00:00+00:00,105.57,105.57,89.28,10,2,2,2025-02-19
2025-02-19 11:00:00+00:00,104.24,104.24,81.52,11,2,2,2025-02-19
2025-02-19 12:00:00+00:00,97.23,97.23,82.74,12,2,2,2025-02-19
2025-02-19 13:00:00+00:00,90.01,97.3,85.2,13,2,2,2025-02-19
2025-02-19 14:00:00+00:00,90.01,109.7,90.63,14,2,2,2025-02-19
2025-02-19 15:00:00+00:00,105.0,118.06,110.03,15,2,2,2025-02-19
2025-02-19 16:00:00+00:00,121.14,123.29,131.28,16,2,2,2025-02-19
2025-02-19 17:00:00+00:00,150.0,151.3,142.98,17,2,2,2025-02-19
2025-02-19 18:00:00+00:00,183.5,150.04,144.42,18,2,2,2025-02-19
2025-02-19 19:00:00+00:00,203.2,126.79,120.9,19,2,2,2025-02-19
2025-02-19 20:00:00+00:00,169.37,118.69,113.75,20,2,2,2025-02-19
2025-02-19 21:00:00+00:00,139.21,116.8,107.13,21,2,2,2025-02-19
2025-02-19 22:00:00+00:00,115.82,105.34,99.81,22,2,2,2025-02-19
2025-02-19 23:00:00+00:00,100.05,90.89,86.17,23,2,2,2025-02-19
2025-02-20 00:00:00+00:00,94.5,89.97,85.2,0,3,2,2025-02-20
2025-02-20 01:00:00+00:00,94.0,89.41,84.56,1,3,2,2025-02-20
2025-02-20 02:00:00+00:00,87.03,87.03,83.64,2,3,2,2025-02-20
2025-02-20 03:00:00+00:00,85.89,85.89,82.18,3,3,2,2025-02-20
2025-02-20 04:00:00+00:00,87.98,87.98,83.84,4,3,2,2025-02-20
2025-02-20 05:00:00+00:00,98.19,98.19,86.31,5,3,2,2025-02-20
2025-02-20 06:00:00+00:00,113.87,113.87,110.41,6,3,2,2025-02-20
2025-02-20 07:00:00+00:00,131.1,131.1,127.98,7,3,2,2025-02-20
2025-02-20 08:00:00+00:00,103.53,114.26,105.87,8,3,2,2025-02-20
2025-02-20 09:00:00+00:00,77.0,98.01,93.72,9,3,2,2025-02-20
2025-02-20 10:00:00+00:00,53.5,87.9,87.23,10,3,2,2025-02-20
2025-02-20 11:00:00+00:00,34.97,87.87,86.87,11,3,2,2025-02-20
2025-02-20 12:00:00+00:00,28.3,85.05,84.51,12,3,2,2025-02-20
2025-02-20 13:00:00+00:00,20.33,85.53,84.78,13,3,2,2025-02-20
2025-02-20 14:00:00+00:00,28.3,88.29,90.05,14,3,2,2025-02-20
2025-02-20 15:00:00+00:00,50.0,91.1,98.34,15,3,2,2025-02-20
2025-02-20 16:00:00+00:00,78.0,109.56,110.13,16,3,2,2025-02-20
2025-02-20 17:00:00+00:00,125.0,127.42,112.38,17,3,2,2025-02-20
2025-02-20 18:00:00+00:00,141.5,133.98,122.45,18,3,2,2025-02-20
2025-02-20 19:00:00+00:00,150.56,116.63,105.91,19,3,2,2025-02-20
2025-02-20 20:00:00+00:00,130.0,101.28,92.41,20,3,2,2025-02-20
2025-02-20 21:00:00+00:00,100.05,98.51,90.84,21,3,2,2025-02-20
2025-02-20 22:00:00+00:00,88.0,88.0,83.0,22,3,2,2025-02-20
2025-02-20 23:00:00+00:00,72.88,76.16,75.51,23,3,2,2025-02-20
2025-02-21 00:00:00+00:00,70.0,70.0,74.99,0,4,2,2025-02-21
2025-02-21 01:00:00+00:00,52.5,62.07,79.8,1,4,2,2025-02-21
2025-02-21 02:00:00+00:00,51.98,51.98,83.4,2,4,2,2025-02-21
2025-02-21 03:00:00+00:00,40.7,40.7,82.4,3,4,2,2025-02-21
2025-02-21 04:00:00+00:00,38.71,38.71,82.03,4,4,2,2025-02-21
2025-02-21 05:00:00+00:00,52.5,52.5,106.47,5,4,2,2025-02-21
2025-02-21 06:00:00+00:00,69.96,69.96,152.5,6,4,2,2025-02-21
2025-02-21 07:00:00+00:00,72.88,78.92,145.21,7,4,2,2025-02-21
2025-02-21 08:00:00+00:00,67.52,80.11,120.98,8,4,2,2025-02-21
2025-02-21 09:00:00+00:00,45.2,67.46,98.68,9,4,2,2025-02-21
2025-02-21 10:00:00+00:00,13.48,50.69,83.4,10,4,2,2025-02-21
2025-02-21 11:00:00+00:00,3.52,52.95,78.0,11,4,2,2025-02-21
2025-02-21 12:00:00+00:00,3.52,43.87,76.41,12,4,2,2025-02-21
2025-02-21 13:00:00+00:00,3.52,32.74,79.52,13,4,2,2025-02-21
2025-02-21 14:00:00+00:00,3.52,50.16,82.94,14,4,2,2025-02-21
2025-02-21 15:00:00+00:00,5.0,53.9,103.47,15,4,2,2025-02-21
2025-02-21 16:00:00+00:00,42.2,76.34,103.45,16,4,2,2025-02-21
2025-02-21 17:00:00+00:00,52.37,94.58,101.98,17,4,2,2025-02-21
2025-02-21 18:00:00+00:00,93.83,93.83,81.95,18,4,2,2025-02-21
2025-02-21 19:00:00+00:00,84.97,84.97,80.25,19,4,2,2025-02-21
2025-02-21 20:00:00+00:00,70.94,70.94,70.85,20,4,2,2025-02-21
2025-02-21 21:00:00+00:00,69.96,69.96,70.64,21,4,2,2025-02-21
2025-02-21 22:00:00+00:00,70.17,70.17,64.33,22,4,2,2025-02-21
2025-02-21 23:00:00+00:00,59.05,59.05,50.99,23,4,2,2025-02-21
2025-02-22 00:00:00+00:00,53.92,53.92,48.62,0,5,2,2025-02-22
2025-02-22 01:00:00+00:00,52.12,52.12,47.96,1,5,2,2025-02-22
2025-02-22 02:00:00+00:00,45.5,45.5,42.62,2,5,2,2025-02-22
2025-02-22 03:00:00+00:00,44.72,44.72,41.2,3,5,2,2025-02-22
2025-02-22 04:00:00+00:00,55.54,55.54,49.15,4,5,2,2025-02-22
2025-02-22 05:00:00+00:00,61.03,61.03,49.11,5,5,2,2025-02-22
2025-02-22 06:00:00+00:00,70.83,70.83,61.22,6,5,2,2025-02-22
2025-02-22 07:00:00+00:00,73.33,73.33,68.25,7,5,2,2025-02-22
2025-02-22 08:00:00+00:00,72.86,72.86,67.74,8,5,2,2025-02-22
2025-02-22 09:00:00+00:00,64.48,64.48,53.21,9,5,2,2025-02-22
2025-02-22 10:00:00+00:00,63.0,63.0,47.13,10,5,2,2025-02-22
2025-02-22 11:00:00+00:00,50.24,60.07,40.4,11,5,2,2025-02-22
2025-02-22 12:00:00+00:00,43.2,58.15,52.69,12,5,2,2025-02-22
2025-02-22 13:00:00+00:00,39.94,65.05,68.0,13,5,2,2025-02-22
2025-02-22 14:00:00+00:00,39.68,62.77,85.6,14,5,2,2025-02-22
2025-02-22 15:00:00+00:00,43.2,63.72,100.95,15,5,2,2025-02-22
2025-02-22 16:00:00+00:00,72.38,82.22,108.38,16,5,2,2025-02-22
2025-02-22 17:00:00+00:00,122.94,122.94,106.98,17,5,2,2025-02-22
2025-02-22 18:00:00+00:00,130.72,130.72,115.18,18,5,2,2025-02-22
2025-02-22 19:00:00+00:00,121.47,121.47,103.0,19,5,2,2025-02-22
2025-02-22 20:00:00+00:00,110.79,110.79,101.58,20,5,2,2025-02-22
2025-02-22 21:00:00+00:00,107.11,107.11,94.27,21,5,2,2025-02-22
2025-02-22 22:00:00+00:00,102.2,102.2,83.51,22,5,2,2025-02-22
2025-02-22 23:00:00+00:00,90.2,99.25,91.1,23,5,2,2025-02-22
2025-02-23 00:00:00+00:00,81.0,90.94,84.99,0,6,2,2025-02-23
2025-02-23 01:00:00+00:00,80.82,88.92,86.21,1,6,2,2025-02-23
2025-02-23 02:00:00+00:00,77.83,77.83,83.63,2,6,2,2025-02-23
2025-02-23 03:00:00+00:00,75.54,75.54,85.77,3,6,2,2025-02-23
2025-02-23 04:00:00+00:00,76.45,76.45,87.33,4,6,2,2025-02-23
2025-02-23 05:00:00+00:00,79.98,79.98,87.7,5,6,2,2025-02-23
2025-02-23 06:00:00+00:00,80.1,80.1,108.0,6,6,2,2025-02-23
2025-02-23 07:00:00+00:00,76.74,76.74,112.24,7,6,2,2025-02-23
2025-02-23 08:00:00+00:00,61.58,61.58,99.35,8,6,2,2025-02-23
2025-02-23 09:00:00+00:00,29.5,53.0,83.0,9,6,2,2025-02-23
2025-02-23 10:00:00+00:00,15.0,43.42,81.5,10,6,2,2025-02-23
2025-02-23 11:00:00+00:00,5.93,53.89,71.12,11,6,2,2025-02-23
2025-02-23 12:00:00+00:00,10.95,43.91,69.2,12,6,2,2025-02-23
2025-02-23 13:00:00+00:00,10.95,22.18,64.75,13,6,2,2025-02-23
2025-02-23 14:00:00+00:00,3.52,28.53,69.11,14,6,2,2025-02-23
2025-02-23 15:00:00+00:00,10.96,30.1,84.7,15,6,2,2025-02-23
2025-02-23 16:00:00+00:00,50.0,50.0,150.45,16,6,2,2025-02-23
2025-02-23 17:00:00+00:00,100.9,100.9,154.69,17,6,2,2025-02-23
2025-02-23 18:00:00+00:00,122.94,122.94,117.02,18,6,2,2025-02-23
2025-02-23 19:00:00+00:00,134.7,100.52,96.03,19,6,2,2025-02-23
2025-02-23 20:00:00+00:00,123.25,81.42,77.32,20,6,2,2025-02-23
2025-02-23 21:00:00+00:00,100.9,81.77,73.81,21,6,2,2025-02-23
2025-02-23 22:00:00+00:00,79.7,67.3,65.99,22,6,2,2025-02-23
2025-02-23 23:00:00+00:00,79.21,35.01,70.83,23,6,2,2025-02-23
2025-02-24 00:00:00+00:00,67.94,30.19,67.99,0,0,2,2025-02-24
2025-02-24 01:00:00+00:00,56.2,27.44,40.98,1,0,2,2025-02-24
2025-02-24 02:00:00+00:00,49.0,24.56,37.1,2,0,2,2025-02-24
2025-02-24 03:00:00+00:00,46.25,17.98,65.34,3,0,2,2025-02-24
2025-02-24 04:00:00+00:00,56.03,28.3,70.03,4,0,2,2025-02-24
2025-02-24 05:00:00+00:00,74.78,72.07,81.0,5,0,2,2025-02-24
2025-02-24 06:00:00+00:00,103.33,103.33,84.8,6,0,2,2025-02-24
2025-02-24 07:00:00+00:00,116.86,116.86,106.68,7,0,2,2025-02-24
2025-02-24 08:00:00+00:00,100.0,100.0,93.26,8,0,2,2025-02-24
2025-02-24 09:00:00+00:00,88.64,88.64,79.04,9,0,2,2025-02-24
2025-02-24 10:00:00+00:00,74.78,88.95,83.44,10,0,2,2025-02-24
2025-02-24 11:00:00+00:00,56.2,86.65,81.63,11,0,2,2025-02-24
2025-02-24 12:00:00+00:00,40.56,87.03,83.0,12,0,2,2025-02-24
2025-02-24 13:00:00+00:00,32.64,89.45,86.4,13,0,2,2025-02-24
2025-02-24 14:00:00+00:00,34.0,91.2,92.55,14,0,2,2025-02-24
2025-02-24 15:00:00+00:00,43.76,109.17,100.7,15,0,2,2025-02-24
2025-02-24 16:00:00+00:00,67.94,112.99,112.94,16,0,2,2025-02-24
2025-02-24 17:00:00+00:00,107.59,147.92,137.81,17,0,2,2025-02-24
2025-02-24 18:00:00+00:00,159.17,159.17,148.71,18,0,2,2025-02-24
2025-02-24 19:00:00+00:00,134.91,134.91,129.27,19,0,2,2025-02-24
2025-02-24 20:00:00+00:00,115.28,115.28,112.29,20,0,2,2025-02-24
2025-02-24 21:00:00+00:00,100.54,106.88,112.9,21,0,2,2025-02-24
2025-02-24 22:00:00+00:00,79.98,108.03,106.48,22,0,2,2025-02-24
2025-02-24 23:00:00+00:00,71.98,89.72,90.6,23,0,2,2025-02-24
2025-02-25 00:00:00+00:00,72.11,89.33,89.91,0,1,2,2025-02-25
2025-02-25 01:00:00+00:00,71.0,87.75,93.39,1,1,2,2025-02-25
2025-02-25 02:00:00+00:00,71.98,85.96,93.86,2,1,2,2025-02-25
2025-02-25 03:00:00+00:00,79.98,80.49,97.43,3,1,2,2025-02-25
2025-02-25 04:00:00+00:00,89.26,92.92,105.78,4,1,2,2025-02-25
2025-02-25 05:00:00+00:00,101.0,110.98,144.87,5,1,2,2025-02-25
2025-02-25 06:00:00+00:00,123.75,123.75,167.16,6,1,2,2025-02-25
2025-02-25 07:00:00+00:00,136.97,136.97,173.34,7,1,2,2025-02-25
2025-02-25 08:00:00+00:00,125.48,131.04,153.73,8,1,2,2025-02-25
2025-02-25 09:00:00+00:00,106.0,113.1,140.36,9,1,2,2025-02-25
2025-02-25 10:00:00+00:00,88.0,102.9,126.75,10,1,2,2025-02-25
2025-02-25 11:00:00+00:00,76.0,93.0,124.63,11,1,2,2025-02-25
2025-02-25 12:00:00+00:00,72.24,83.28,125.81,12,1,2,2025-02-25
2025-02-25 13:00:00+00:00,60.17,81.78,134.38,13,1,2,2025-02-25
2025-02-25 14:00:00+00:00,57.56,83.02,148.34,14,1,2,2025-02-25
2025-02-25 15:00:00+00:00,60.0,84.27,170.68,15,1,2,2025-02-25
2025-02-25 16:00:00+00:00,79.98,92.86,207.97,16,1,2,2025-02-25
2025-02-25 17:00:00+00:00,110.0,115.84,233.05,17,1,2,2025-02-25
2025-02-25 18:00:00+00:00,140.99,140.99,188.09,18,1,2,2025-02-25
2025-02-25 19:00:00+00:00,137.99,135.55,156.96,19,1,2,2025-02-25
2025-02-25 20:00:00+00:00,128.97,118.45,142.47,20,1,2,2025-02-25
2025-02-25 21:00:00+00:00,114.28,114.28,129.46,21,1,2,2025-02-25
2025-02-25 22:00:00+00:00,100.41,100.41,115.13,22,1,2,2025-02-25
2025-02-25 23:00:00+00:00,102.48,102.48,122.99,23,1,2,2025-02-25
2025-02-26 00:00:00+00:00,86.87,86.87,119.82,0,2,2,2025-02-26
2025-02-26 01:00:00+00:00,92.98,92.98,116.94,1,2,2,2025-02-26
2025-02-26 02:00:00+00:00,86.38,86.38,115.98,2,2,2,2025-02-26
2025-02-26 03:00:00+00:00,88.59,88.59,116.56,3,2,2,2025-02-26
2025-02-26 04:00:00+00:00,97.82,97.82,117.27,4,2,2,2025-02-26
2025-02-26 05:00:00+00:00,111.76,111.76,132.65,5,2,2,2025-02-26
2025-02-26 06:00:00+00:00,136.2,136.2,159.93,6,2,2,2025-02-26
2025-02-26 07:00:00+00:00,139.08,139.08,175.19,7,2,2,2025-02-26
2025-02-26 08:00:00+00:00,106.46,121.43,160.22,8,2,2,2025-02-26
2025-02-26 09:00:00+00:00,65.0,94.73,141.37,9,2,2,2025-02-26
2025-02-26 10:00:00+00:00,70.0,83.07,129.95,10,2,2,2025-02-26
2025-02-26 11:00:00+00:00,59.3,84.26,120.53,11,2,2,2025-02-26
2025-02-26 12:00:00+00:00,58.0,65.18,119.89,12,2,2,2025-02-26
2025-02-26 13:00:00+00:00,54.59,54.59,125.12,13,2,2,2025-02-26
2025-02-26 14:00:00+00:00,58.28,58.28,132.9,14,2,2,2025-02-26
2025-02-26 15:00:00+00:00,71.98,71.98,149.75,15,2,2,2025-02-26
2025-02-26 16:00:00+00:00,97.0,97.0,165.01,16,2,2,2025-02-26
2025-02-26 17:00:00+00:00,126.37,126.37,172.57,17,2,2,2025-02-26
2025-02-26 18:00:00+00:00,161.95,161.95,162.82,18,2,2,2025-02-26
2025-02-26 19:00:00+00:00,225.0,131.05,147.38,19,2,2,2025-02-26
2025-02-26 20:00:00+00:00,181.02,117.43,118.44,20,2,2,2025-02-26
2025-02-26 21:00:00+00:00,126.16,121.84,120.94,21,2,2,2025-02-26
2025-02-26 22:00:00+00:00,125.0,113.02,112.46,22,2,2,2025-02-26
2025-02-26 23:00:00+00:00,116.52,102.25,101.48,23,2,2,2025-02-26
2025-02-27 00:00:00+00:00,114.51,103.81,103.81,0,3,2,2025-02-27
2025-02-27 01:00:00+00:00,106.0,101.3,101.24,1,3,2,2025-02-27
2025-02-27 02:00:00+00:00,103.44,99.68,99.6,2,3,2,2025-02-27
2025-02-27 03:00:00+00:00,101.0,100.39,100.43,3,3,2,2025-02-27
2025-02-27 04:00:00+00:00,104.35,104.35,105.87,4,3,2,2025-02-27
2025-02-27 05:00:00+00:00,117.14,117.14,115.18,5,3,2,2025-02-27
2025-02-27 06:00:00+00:00,145.0,145.0,152.32,6,3,2,2025-02-27
2025-02-27 07:00:00+00:00,168.77,159.47,159.05,7,3,2,2025-02-27
2025-02-27 08:00:00+00:00,129.18,129.18,142.58,8,3,2,2025-02-27
2025-02-27 09:00:00+00:00,109.49,109.49,129.94,9,3,2,2025-02-27
2025-02-27 10:00:00+00:00,100.19,100.19,110.0,10,3,2,2025-02-27
2025-02-27 11:00:00+00:00,93.0,93.0,101.1,11,3,2,2025-02-27
2025-02-27 12:00:00+00:00,89.0,89.0,109.25,12,3,2,2025-02-27
2025-02-27 13:00:00+00:00,86.8,86.8,110.0,13,3,2,2025-02-27
2025-02-27 14:00:00+00:00,89.0,89.0,123.0,14,3,2,2025-02-27
2025-02-27 15:00:00+00:00,100.0,100.0,142.62,15,3,2,2025-02-27
2025-02-27 16:00:00+00:00,113.95,113.95,158.69,16,3,2,2025-02-27
2025-02-27 17:00:00+00:00,136.13,136.13,174.71,17,3,2,2025-02-27
2025-02-27 18:00:00+00:00,165.0,161.31,163.17,18,3,2,2025-02-27
2025-02-27 19:00:00+00:00,219.08,143.75,144.61,19,3,2,2025-02-27
2025-02-27 20:00:00+00:00,147.01,132.88,136.54,20,3,2,2025-02-27
2025-02-27 21:00:00+00:00,122.31,122.31,124.69,21,3,2,2025-02-27
2025-02-27 22:00:00+00:00,113.5,113.5,114.89,22,3,2,2025-02-27
2025-02-27 23:00:00+00:00,115.59,115.59,115.47,23,3,2,2025-02-27
2025-02-28 00:00:00+00:00,110.54,110.54,110.54,0,4,2,2025-02-28
2025-02-28 01:00:00+00:00,109.38,109.38,109.38,1,4,2,2025-02-28
2025-02-28 02:00:00+00:00,105.2,105.2,106.93,2,4,2,2025-02-28
2025-02-28 03:00:00+00:00,104.49,104.49,112.03,3,4,2,2025-02-28
2025-02-28 04:00:00+00:00,104.49,104.49,112.63,4,4,2,2025-02-28
2025-02-28 05:00:00+00:00,116.28,116.93,135.99,5,4,2,2025-02-28
2025-02-28 06:00:00+00:00,133.87,138.39,150.0,6,4,2,2025-02-28
2025-02-28 07:00:00+00:00,142.9,152.94,161.82,7,4,2,2025-02-28
2025-02-28 08:00:00+00:00,115.8,120.81,145.5,8,4,2,2025-02-28
2025-02-28 09:00:00+00:00,102.48,105.34,127.7,9,4,2,2025-02-28
2025-02-28 10:00:00+00:00,93.0,93.0,115.97,10,4,2,2025-02-28
2025-02-28 11:00:00+00:00,91.08,91.08,109.51,11,4,2,2025-02-28
2025-02-28 12:00:00+00:00,80.13,80.13,108.57,12,4,2,2025-02-28
2025-02-28 13:00:00+00:00,85.2,85.2,111.58,13,4,2,2025-02-28
2025-02-28 14:00:00+00:00,93.29,93.29,125.57,14,4,2,2025-02-28
2025-02-28 15:00:00+00:00,96.74,96.74,135.05,15,4,2,2025-02-28
2025-02-28 16:00:00+00:00,115.51,115.51,152.85,16,4,2,2025-02-28
2025-02-28 17:00:00+00:00,123.52,124.74,161.24,17,4,2,2025-02-28
2025-02-28 18:00:00+00:00,151.96,151.96,158.86,18,4,2,2025-02-28
2025-02-28 19:00:00+00:00,134.27,134.27,143.96,19,4,2,2025-02-28
2025-02-28 20:00:00+00:00,121.73,121.73,132.94,20,4,2,2025-02-28
2025-02-28 21:00:00+00:00,114.72,114.72,127.43,21,4,2,2025-02-28
2025-02-28 22:00:00+00:00,106.75,106.75,119.03,22,4,2,2025-02-28
2025-02-28 23:00:00+00:00,105.36,118.24,128.19,23,4,2,2025-02-28
